sep=;
Number;Time 59Co;59Co;Time 75As;75As;Time 140Ce;140Ce;Time 140Ce.16O;140Ce.16O;Time oxides;oxides
1;5739.065;109376.443789146;5739.076;39662.8259162513;5739.088;0;5739.099;0;5739.099;NaN
2;5739.111;106753.917657881;5739.122;31740.2466327303;5739.134;0;5739.145;0;5739.145;NaN
3;5739.156;111696.82748867;5739.168;33745.4889190629;5739.18;0;5739.191;0;5739.191;NaN
4;5739.202;112806.727821374;5739.214;33043.6175751993;5739.225;0;5739.237;0;5739.237;NaN
5;5739.248;118054.85783181;5739.26;40565.7164606663;5739.271;200.0016000128;5739.283;0;5739.283;0
6;5739.294;96470.8338854557;5739.306;39060.9350586916;5739.317;0;5739.329;0;5739.329;NaN
7;5739.34;108670.325167324;5739.352;36352.7842427204;5739.363;0;5739.375;0;5739.375;NaN
8;5739.386;114118.554712614;5739.397;37556.3345017526;5739.409;0;5739.42;0;5739.42;NaN
9;5739.432;109073.816659569;5739.443;34647.952766629;5739.455;0;5739.466;0;5739.466;NaN
10;5739.478;112806.727821374;5739.489;37054.8411649241;5739.501;0;5739.512;0;5739.512;NaN
11;5739.523;120477.811584359;5739.535;37054.8411649241;5739.546;0;5739.558;0;5739.558;NaN
12;5739.569;111293.251691497;5739.581;31940.756405173;5739.592;0;5739.604;0;5739.604;NaN
13;5739.615;108771.196824644;5739.627;35751.0525029742;5739.638;0;5739.65;0;5739.65;NaN
14;5739.661;109578.199261578;5739.673;34848.5091247016;5739.684;100.0004000016;5739.696;0;5739.696;0
15;5739.707;107964.246258913;5739.718;39763.1438724695;5739.73;0;5739.742;0;5739.742;NaN
16;5739.753;105039.485206102;5739.764;40064.1025641026;5739.776;0;5739.787;0;5739.787;NaN
17;5739.799;120982.65245422;5739.81;38459.0731363374;5739.822;0;5739.833;0;5739.833;NaN
18;5739.845;116036.086720649;5739.856;41167.6796653699;5739.868;0;5739.879;0;5739.879;NaN
19;5739.89;121386.539760121;5739.902;40365.0684904065;5739.914;0;5739.925;0;5739.925;NaN
20;5739.936;111495.03796858;5739.948;35450.1974796312;5739.959;0;5739.971;0;5739.971;NaN
21;5739.982;116036.086720649;5739.994;40967.0220480706;5740.005;100.0004000016;5740.017;0;5740.017;0
22;5740.028;105140.327692376;5740.04;36653.6609596449;5740.051;0;5740.063;0;5740.063;NaN
23;5740.074;105039.485206102;5740.086;33244.1482288479;5740.097;0;5740.109;0;5740.109;NaN
24;5740.12;99897.5924178229;5740.131;39562.5087638469;5740.143;100.0004000016;5740.154;0;5740.154;0
25;5740.166;114017.64008599;5740.177;39261.5621294189;5740.189;0;5740.2;0;5740.2;NaN
26;5740.212;113412.169356815;5740.223;38559.381447429;5740.235;100.0004000016;5740.246;0;5740.246;0
27;5740.257;111192.359769057;5740.269;37054.8411649241;5740.281;0;5740.292;0;5740.292;NaN
28;5740.303;112806.727821374;5740.315;33043.6175751993;5740.326;0;5740.338;0;5740.338;NaN
29;5740.349;113109.44494001;5740.361;35450.1974796312;5740.372;0;5740.384;0;5740.384;NaN
30;5740.395;118761.504392769;5740.407;36152.2037822616;5740.418;100.0004000016;5740.43;0;5740.43;0
31;5740.441;110990.578356335;5740.453;41368.3404985035;5740.464;0;5740.476;0;5740.476;NaN
32;5740.487;94657.0463789414;5740.498;34647.952766629;5740.51;0;5740.521;0;5740.521;NaN
33;5740.533;126537.241548438;5740.544;40866.6944453348;5740.556;0;5740.567;0;5740.567;NaN
34;5740.579;122093.373796652;5740.59;39963.7821963854;5740.602;0;5740.613;0;5740.613;NaN
35;5740.624;115329.593493321;5740.636;38659.6905622281;5740.648;0;5740.659;0;5740.659;NaN
36;5740.67;111394.144424668;5740.682;33544.9502333126;5740.693;0;5740.705;0;5740.705;NaN
37;5740.716;111495.03796858;5740.728;36453.0756781874;5740.739;0;5740.751;0;5740.751;NaN
38;5740.762;119771.068454391;5740.774;38559.381447429;5740.785;100.0004000016;5740.797;0;5740.797;0
39;5740.808;96571.6075458364;5740.819;34848.5091247016;5740.831;200.0016000128;5740.842;0;5740.842;0
40;5740.854;112907.632716694;5740.865;35650.7666917691;5740.877;0;5740.888;0;5740.888;NaN
41;5740.9;98284.883604194;5740.911;37155.1382251261;5740.923;0;5740.934;0;5740.934;NaN
42;5740.946;109174.691558898;5740.957;37355.7347562563;5740.969;100.0004000016;5740.98;0;5740.98;0
43;5740.991;111293.251691497;5741.003;38258.4589252378;5741.015;0;5741.026;0;5741.026;NaN
44;5741.037;115026.822848647;5741.049;42873.3992595323;5741.06;0;5741.072;0;5741.072;NaN
45;5741.083;118155.804906279;5741.095;35851.3391176164;5741.106;0;5741.118;0;5741.118;NaN
46;5741.129;119165.320279406;5741.141;38358.7656289435;5741.152;200.0016000128;5741.164;0;5741.164;0
47;5741.175;126032.177401848;5741.186;39060.9350586916;5741.198;0;5741.21;0;5741.21;NaN
48;5741.221;118963.410713137;5741.232;36051.9147572504;5741.244;0;5741.255;0;5741.255;NaN
49;5741.267;100401.606425703;5741.278;38158.1530252104;5741.29;0;5741.301;0;5741.301;NaN
50;5741.313;101308.882650377;5741.324;35349.9140786791;5741.336;0;5741.347;0;5741.347;NaN
51;5741.358;96672.3820155238;5741.37;40164.423735672;5741.382;0;5741.393;0;5741.393;NaN
52;5741.404;102518.68631491;5741.416;32542.3049964954;5741.427;0;5741.439;0;5741.439;NaN
53;5741.45;111293.251691497;5741.462;32742.827618525;5741.473;100.0004000016;5741.485;0;5741.485;0
54;5741.496;118256.752792145;5741.508;35450.1974796312;5741.519;100.0004000016;5741.531;0;5741.531;0
55;5741.542;115026.822848647;5741.554;36252.4936107484;5741.565;200.0016000128;5741.577;0;5741.577;0
56;5741.588;111091.46865734;5741.599;41769.6718125834;5741.611;0;5741.622;0;5741.622;NaN
57;5741.634;114623.14001101;5741.645;35650.7666917691;5741.657;100.0004000016;5741.668;0;5741.668;0
58;5741.68;112705.823736931;5741.691;34948.7885087582;5741.703;0;5741.714;0;5741.714;NaN
59;5741.725;111394.144424668;5741.737;39261.5621294189;5741.749;0;5741.76;0;5741.76;NaN
60;5741.771;119266.276279776;5741.783;38258.4589252378;5741.794;100.0004000016;5741.806;0;5741.806;0
61;5741.817;121992.395070462;5741.829;36352.7842427204;5741.84;0;5741.852;0;5741.852;NaN
62;5741.863;115329.593493321;5741.875;38459.0731363374;5741.886;0;5741.898;0;5741.898;NaN
63;5741.909;115733.299041985;5741.92;37556.3345017526;5741.932;0;5741.944;0;5741.944;NaN
64;5741.955;118155.804906279;5741.966;40565.7164606663;5741.978;100.0004000016;5741.989;0;5741.989;0
65;5742.001;106249.648512505;5742.012;37054.8411649241;5742.024;0;5742.035;0;5742.035;NaN
66;5742.047;103426.115596257;5742.058;39361.8768704403;5742.07;0;5742.081;0;5742.081;NaN
67;5742.092;105644.552275977;5742.104;34246.8496903764;5742.115;0;5742.127;0;5742.127;NaN
68;5742.138;112604.920463358;5742.15;35951.6265357053;5742.161;0;5742.173;0;5742.173;NaN
69;5742.184;110587.025259242;5742.196;38057.8479288519;5742.207;0;5742.219;0;5742.219;NaN
70;5742.23;117651.077647702;5742.242;42672.714305176;5742.253;200.0016000128;5742.265;0;5742.265;0
71;5742.276;114724.059503813;5742.287;40164.423735672;5742.299;100.0004000016;5742.311;0;5742.311;0
72;5742.322;110788.800186422;5742.333;38158.1530252104;5742.345;0;5742.356;0;5742.356;NaN
73;5742.368;112403.116348777;5742.379;38258.4589252378;5742.391;0;5742.402;0;5742.402;NaN
74;5742.414;109679.078213637;5742.425;37054.8411649241;5742.437;0;5742.448;0;5742.448;NaN
75;5742.459;111898.620251842;5742.471;39963.7821963854;5742.482;0;5742.494;0;5742.494;NaN
76;5742.505;100502.411656272;5742.517;33344.4147604609;5742.528;0;5742.54;0;5742.54;NaN
77;5742.551;125729.148659894;5742.563;38459.0731363374;5742.574;0;5742.586;0;5742.586;NaN
78;5742.597;123507.161204481;5742.609;34848.5091247016;5742.62;0;5742.632;0;5742.632;NaN
79;5742.643;106854.773917794;5742.654;33645.2191745706;5742.666;0;5742.677;0;5742.677;NaN
80;5742.689;110687.912317496;5742.7;35450.1974796312;5742.712;0;5742.723;0;5742.723;NaN
81;5742.735;115834.227457032;5742.746;39963.7821963854;5742.758;0;5742.769;0;5742.769;NaN
82;5742.781;106955.630988009;5742.792;36252.4936107484;5742.804;0;5742.815;0;5742.815;NaN
83;5742.826;109779.957976272;5742.838;41468.6721210324;5742.85;0;5742.861;0;5742.861;NaN
84;5742.872;119569.149149954;5742.884;37857.2401471024;5742.895;100.0004000016;5742.907;0;5742.907;0
85;5742.918;113513.079117612;5742.93;38559.381447429;5742.941;100.0004000016;5742.953;0;5742.953;0
86;5742.964;103526.945121682;5742.976;35851.3391176164;5742.987;0;5742.999;0;5742.999;NaN
87;5743.01;119872.029323934;5743.022;37255.4360889003;5743.033;100.0004000016;5743.045;0;5743.045;0
88;5743.056;113109.44494001;5743.067;34547.6757925938;5743.079;0;5743.09;0;5743.09;NaN
89;5743.102;98486.4608724635;5743.113;32742.827618525;5743.125;100.0004000016;5743.136;0;5743.136;0
90;5743.148;106451.353739857;5743.159;37656.6355799122;5743.171;0;5743.182;0;5743.182;NaN
91;5743.193;99494.3957848913;5743.205;35149.3496869605;5743.217;0;5743.228;0;5743.228;NaN
92;5743.239;104636.123362174;5743.251;36252.4936107484;5743.262;0;5743.274;0;5743.274;NaN
93;5743.285;98587.2507208314;5743.297;34347.1242544771;5743.308;0;5743.32;0;5743.32;NaN
94;5743.331;91836.1201999318;5743.343;32742.827618525;5743.354;0;5743.366;0;5743.366;NaN
95;5743.377;117449.192423774;5743.389;36854.249455198;5743.4;300.003600043201;5743.412;0;5743.412;0
96;5743.423;102518.68631491;5743.434;38860.311202987;5743.446;0;5743.458;0;5743.458;NaN
97;5743.469;124719.105640399;5743.48;37857.2401471024;5743.492;100.0004000016;5743.503;0;5743.503;0
98;5743.515;104131.939284151;5743.526;36954.5449082846;5743.538;100.0004000016;5743.549;0;5743.549;0
99;5743.561;108670.325167324;5743.572;36854.249455198;5743.584;0;5743.595;0;5743.595;NaN
100;5743.606;116843.556223552;5743.618;36854.249455198;5743.629;0;5743.641;0;5743.641;NaN
101;5743.652;108266.846642723;5743.664;35149.3496869605;5743.675;0;5743.687;0;5743.687;NaN
102;5743.698;108771.196824644;5743.71;37355.7347562563;5743.721;100.0004000016;5743.733;0;5743.733;0
103;5743.744;89519.4052378888;5743.755;32341.7855869784;5743.767;0;5743.779;0;5743.779;NaN
104;5743.79;115531.444645369;5743.801;37355.7347562563;5743.813;0;5743.824;0;5743.824;NaN
105;5743.836;103728.606602481;5743.847;35751.0525029742;5743.859;100.0004000016;5743.87;0;5743.87;0
106;5743.882;108872.069292452;5743.893;37054.8411649241;5743.905;0;5743.916;0;5743.916;NaN
107;5743.927;99796.7920451716;5743.939;36352.7842427204;5743.95;100.0004000016;5743.962;0;5743.962;0
108;5743.973;111091.46865734;5743.985;35049.0686961746;5743.996;0;5744.008;0;5744.008;NaN
109;5744.019;112806.727821374;5744.031;36854.249455198;5744.042;100.0004000016;5744.054;0;5744.054;0
110;5744.065;109880.838549493;5744.077;35851.3391176164;5744.088;0;5744.1;0;5744.1;NaN
111;5744.111;107661.653168788;5744.122;38659.6905622281;5744.134;0;5744.146;200.0016000128;5744.146;NaN
112;5744.157;120477.811584359;5744.168;33745.4889190629;5744.18;100.0004000016;5744.191;0;5744.191;0
113;5744.203;108972.942570757;5744.214;35149.3496869605;5744.226;0;5744.237;0;5744.237;NaN
114;5744.249;106955.630988009;5744.26;35249.6314811254;5744.272;0;5744.283;0;5744.283;NaN
115;5744.294;119872.029323934;5744.306;37857.2401471024;5744.318;0;5744.329;0;5744.329;NaN
116;5744.34;120578.778135048;5744.352;37957.5436361524;5744.363;0;5744.375;0;5744.375;NaN
117;5744.386;120679.745497369;5744.398;32843.0901342561;5744.409;100.0004000016;5744.421;0;5744.421;0
118;5744.432;114421.303458557;5744.444;36051.9147572504;5744.455;100.0004000016;5744.467;0;5744.467;0
119;5744.478;104837.802663925;5744.49;37556.3345017526;5744.501;0;5744.513;0;5744.513;NaN
120;5744.524;103930.271323278;5744.535;37255.4360889003;5744.547;0;5744.558;0;5744.558;NaN
121;5744.57;107258.207060563;5744.581;35951.6265357053;5744.593;0;5744.604;0;5744.604;NaN
122;5744.616;107157.347559383;5744.627;35951.6265357053;5744.639;0;5744.65;0;5744.65;NaN
123;5744.662;117852.966117021;5744.673;38960.6227289663;5744.685;0;5744.696;0;5744.696;NaN
124;5744.707;121285.566716105;5744.719;37656.6355799122;5744.73;0;5744.742;0;5744.742;NaN
125;5744.753;108065.112243094;5744.765;38158.1530252104;5744.776;0;5744.788;0;5744.788;NaN
126;5744.799;120275.880917835;5744.811;41268.0096799526;5744.822;0;5744.834;0;5744.834;NaN
127;5744.845;119367.233091652;5744.856;41769.6718125834;5744.868;0;5744.88;0;5744.88;NaN
128;5744.891;108165.979037694;5744.902;34046.302972042;5744.914;100.0004000016;5744.925;0;5744.925;0
129;5744.937;94153.2630429371;5744.948;37556.3345017526;5744.96;300.003600043201;5744.971;0;5744.971;0
130;5744.983;115127.745585765;5744.994;31740.2466327303;5745.006;100.0004000016;5745.017;0;5745.017;0
131;5745.028;104434.447300771;5745.04;34347.1242544771;5745.051;0;5745.063;0;5745.063;NaN
132;5745.074;107762.51672177;5745.086;32542.3049964954;5745.097;100.0004000016;5745.109;0;5745.109;0
133;5745.12;106552.207568923;5745.132;35349.9140786791;5745.143;0;5745.155;0;5745.155;NaN
134;5745.166;110385.253574714;5745.178;34748.2305439951;5745.189;0;5745.201;0;5745.201;NaN
135;5745.212;105140.327692376;5745.223;33946.0308177889;5745.235;0;5745.247;0;5745.247;NaN
136;5745.258;111595.932323245;5745.269;37756.9374616922;5745.281;0;5745.292;0;5745.292;NaN
137;5745.304;109578.199261578;5745.315;34347.1242544771;5745.327;0;5745.338;0;5745.338;NaN
138;5745.35;116036.086720649;5745.361;36653.6609596449;5745.373;0;5745.384;0;5745.384;NaN
139;5745.395;114320.386398888;5745.407;34848.5091247016;5745.419;0;5745.43;0;5745.43;NaN
140;5745.441;100603.217696528;5745.453;32442.0448901777;5745.464;0;5745.476;0;5745.476;NaN
141;5745.487;109174.691558898;5745.499;41468.6721210324;5745.51;0;5745.522;0;5745.522;NaN
142;5745.533;114925.900922622;5745.545;40565.7164606663;5745.556;0;5745.568;0;5745.568;NaN
143;5745.579;95563.9073592239;5745.591;34748.2305439951;5745.602;0;5745.614;0;5745.614;NaN
144;5745.625;101812.953338742;5745.636;36252.4936107484;5745.648;0;5745.659;0;5745.659;NaN
145;5745.671;100099.195592021;5745.682;37155.1382251261;5745.694;100.0004000016;5745.705;0;5745.705;0
146;5745.717;104938.643529955;5745.728;37857.2401471024;5745.74;100.0004000016;5745.751;0;5745.751;0
147;5745.762;114824.979807681;5745.774;41970.3422936842;5745.786;0;5745.797;0;5745.797;NaN
148;5745.808;106249.648512505;5745.82;33544.9502333126;5745.831;0;5745.843;0;5745.843;NaN
149;5745.854;112604.920463358;5745.866;38559.381447429;5745.877;0;5745.889;0;5745.889;NaN
150;5745.9;107560.790426186;5745.912;34547.6757925938;5745.923;0;5745.935;0;5745.935;NaN
151;5745.946;108569.454320482;5745.957;33244.1482288479;5745.969;100.0004000016;5745.981;0;5745.981;0
152;5745.992;97075.4879875358;5746.003;31238.986254846;5746.015;0;5746.026;0;5746.026;NaN
153;5746.038;97680.1712264132;5746.049;34447.3996218797;5746.061;0;5746.072;0;5746.072;NaN
154;5746.083;98587.2507208314;5746.095;33645.2191745706;5746.107;100.0004000016;5746.118;0;5746.118;0
155;5746.129;100502.411656272;5746.141;35249.6314811254;5746.152;100.0004000016;5746.164;0;5746.164;0
156;5746.175;100704.02454648;5746.187;32642.5659059413;5746.198;0;5746.21;0;5746.21;NaN
157;5746.221;110486.139011651;5746.233;33043.6175751993;5746.244;0;5746.256;0;5746.256;NaN
158;5746.267;108670.325167324;5746.278;33645.2191745706;5746.29;0;5746.302;0;5746.302;NaN
159;5746.313;113815.81326572;5746.324;39963.7821963854;5746.336;0;5746.347;0;5746.347;NaN
160;5746.359;107762.51672177;5746.37;36453.0756781874;5746.382;100.0004000016;5746.393;0;5746.393;0
161;5746.404;101712.13758148;5746.416;34246.8496903764;5746.428;0;5746.439;0;5746.439;NaN
162;5746.45;101611.322634023;5746.462;34246.8496903764;5746.473;0;5746.485;0;5746.485;NaN
163;5746.496;115228.669133987;5746.508;31639.9929510902;5746.519;0;5746.531;0;5746.531;NaN
164;5746.542;107762.51672177;5746.554;37054.8411649241;5746.565;0;5746.577;0;5746.577;NaN
165;5746.588;108771.196824644;5746.6;32141.2693898966;5746.611;0;5746.623;0;5746.623;NaN
166;5746.634;120275.880917835;5746.645;33244.1482288479;5746.657;0;5746.668;0;5746.668;NaN
167;5746.68;109174.691558898;5746.691;35249.6314811254;5746.703;100.0004000016;5746.714;0;5746.714;0
168;5746.726;112100.416258177;5746.737;36352.7842427204;5746.749;0;5746.76;0;5746.76;NaN
169;5746.772;117651.077647702;5746.783;36854.249455198;5746.795;0;5746.806;0;5746.806;NaN
170;5746.817;105039.485206102;5746.829;31439.4879969241;5746.841;0;5746.852;0;5746.852;NaN
171;5746.863;105947.096748278;5746.875;33043.6175751993;5746.886;0;5746.898;0;5746.898;NaN
172;5746.909;118155.804906279;5746.921;32141.2693898966;5746.932;0;5746.944;0;5746.944;NaN
173;5746.955;109174.691558898;5746.966;30938.239664225;5746.978;100.0004000016;5746.99;0;5746.99;0
174;5747.001;98788.8328460822;5747.012;30036.0432519023;5747.024;0;5747.035;0;5747.035;NaN
175;5747.047;107359.067372083;5747.058;36352.7842427204;5747.07;300.003600043201;5747.081;0;5747.081;0
176;5747.093;97075.4879875358;5747.104;36954.5449082846;5747.116;100.0004000016;5747.127;0;5747.127;0
177;5747.138;108065.112243094;5747.15;38057.8479288519;5747.162;0;5747.173;0;5747.173;NaN
178;5747.184;102115.40546945;5747.196;38158.1530252104;5747.207;100.0004000016;5747.219;0;5747.219;0
179;5747.23;97277.0458296357;5747.242;35049.0686961746;5747.253;0;5747.265;0;5747.265;NaN
180;5747.276;113210.352268024;5747.288;42070.6787402837;5747.299;0;5747.311;100.0004000016;5747.311;NaN
181;5747.322;104333.610485176;5747.334;37054.8411649241;5747.345;0;5747.357;0;5747.357;NaN
182;5747.368;95765.4409225605;5747.379;31138.7365883159;5747.391;100.0004000016;5747.403;0;5747.403;0
183;5747.414;109679.078213637;5747.425;32843.0901342561;5747.437;0;5747.448;0;5747.448;NaN
184;5747.46;110889.688866032;5747.471;33143.8825004306;5747.483;0;5747.494;0;5747.494;NaN
185;5747.506;118458.650998107;5747.517;31138.7365883159;5747.529;0;5747.54;0;5747.54;NaN
186;5747.551;104837.802663925;5747.563;33544.9502333126;5747.574;0;5747.586;0;5747.586;NaN
187;5747.597;107459.928493954;5747.609;33043.6175751993;5747.62;0;5747.632;0;5747.632;NaN
188;5747.643;109779.957976272;5747.655;34647.952766629;5747.666;0;5747.678;0;5747.678;NaN
189;5747.689;102115.40546945;5747.7;37355.7347562563;5747.712;100.0004000016;5747.724;0;5747.724;0
190;5747.735;113311.260406956;5747.746;33143.8825004306;5747.758;0;5747.769;0;5747.769;NaN
191;5747.781;86296.8612025367;5747.792;36854.249455198;5747.804;100.0004000016;5747.815;0;5747.815;0
192;5747.827;103426.115596257;5747.838;29434.6151073663;5747.85;0;5747.861;0;5747.861;NaN
193;5747.872;85289.9859522376;5747.884;32742.827618525;5747.895;0;5747.907;0;5747.907;NaN
194;5747.918;98587.2507208314;5747.93;31539.7400724913;5747.941;100.0004000016;5747.953;0;5747.953;0
195;5747.964;89519.4052378888;5747.976;36051.9147572504;5747.987;0;5747.999;0;5747.999;NaN
196;5748.01;103123.631879762;5748.022;32241.5270868879;5748.033;100.0004000016;5748.045;0;5748.045;0
197;5748.056;102317.044272455;5748.068;31639.9929510902;5748.079;0;5748.091;0;5748.091;NaN
198;5748.102;105442.860012051;5748.113;31539.7400724913;5748.125;0;5748.137;0;5748.137;NaN
199;5748.148;108065.112243094;5748.159;31238.986254846;5748.171;200.0016000128;5748.182;0;5748.182;0
200;5748.194;110385.253574714;5748.205;34547.6757925938;5748.217;0;5748.228;0;5748.228;NaN
201;5748.24;111797.723464866;5748.251;33244.1482288479;5748.263;0;5748.274;0;5748.274;NaN
202;5748.285;111293.251691497;5748.297;33645.2191745706;5748.309;100.0004000016;5748.32;0;5748.32;0
203;5748.331;119569.149149954;5748.343;39863.462632511;5748.354;0;5748.366;0;5748.366;NaN
204;5748.377;108569.454320482;5748.389;38860.311202987;5748.4;100.0004000016;5748.412;0;5748.412;0
205;5748.423;114421.303458557;5748.435;38459.0731363374;5748.446;0;5748.458;0;5748.458;NaN
206;5748.469;105745.399623213;5748.48;38358.7656289435;5748.492;0;5748.503;0;5748.503;NaN
207;5748.515;113109.44494001;5748.526;36854.249455198;5748.538;0;5748.549;0;5748.549;NaN
208;5748.561;113311.260406956;5748.572;35650.7666917691;5748.584;0;5748.595;0;5748.595;NaN
209;5748.607;127951.529186618;5748.618;39060.9350586916;5748.63;200.0016000128;5748.641;0;5748.641;0
210;5748.652;134722.110512346;5748.664;36051.9147572504;5748.676;0;5748.687;0;5748.687;NaN
211;5748.698;125325.121707075;5748.71;32642.5659059413;5748.721;0;5748.733;0;5748.733;NaN
212;5748.744;143114.608350732;5748.756;36252.4936107484;5748.767;0;5748.779;0;5748.779;NaN
213;5748.79;132397.469871282;5748.802;34547.6757925938;5748.813;0;5748.825;0;5748.825;NaN
214;5748.836;131993.228435745;5748.848;33544.9502333126;5748.859;0;5748.871;0;5748.871;NaN
215;5748.882;141799.750593346;5748.893;37054.8411649241;5748.905;0;5748.917;0;5748.917;NaN
216;5748.928;139170.447597902;5748.939;36051.9147572504;5748.951;400.006400102402;5748.962;0;5748.962;0
217;5748.974;158802.360499473;5748.985;35751.0525029742;5748.997;200.0016000128;5749.008;0;5749.008;0
218;5749.02;150399.388342287;5749.031;36854.249455198;5749.043;0;5749.054;0;5749.054;NaN
219;5749.065;155966.995371302;5749.077;32742.827618525;5749.088;0;5749.1;0;5749.1;NaN
220;5749.111;164677.650545168;5749.123;36152.2037822616;5749.134;0;5749.146;0;5749.146;NaN
221;5749.157;154752.034516345;5749.169;31138.7365883159;5749.18;0;5749.192;0;5749.192;NaN
222;5749.203;167008.266858875;5749.215;36051.9147572504;5749.226;100.0004000016;5749.238;0;5749.238;0
223;5749.249;171569.417147276;5749.26;37255.4360889003;5749.272;100.0004000016;5749.284;0;5749.284;0
224;5749.295;177552.0973908;5749.306;33845.7594667991;5749.318;0;5749.329;0;5749.329;NaN
225;5749.341;179885.099148316;5749.352;45884.059597182;5749.364;0;5749.375;0;5749.375;NaN
226;5749.387;181001.035442763;5749.398;38258.4589252378;5749.41;0;5749.421;0;5749.421;NaN
227;5749.432;170758.42515626;5749.444;40064.1025641026;5749.456;100.0004000016;5749.467;0;5749.467;0
228;5749.478;170555.685323754;5749.49;31339.2367243789;5749.501;0;5749.513;0;5749.513;NaN
229;5749.524;154853.276771807;5749.536;32442.0448901777;5749.547;100.0004000016;5749.559;0;5749.559;0
230;5749.57;170150.215456486;5749.582;38760.0004807442;5749.593;0;5749.605;0;5749.605;NaN
231;5749.616;184755.365360283;5749.627;35951.6265357053;5749.639;0;5749.651;0;5749.651;NaN
232;5749.662;185364.281108962;5749.673;35851.3391176164;5749.685;0;5749.696;0;5749.696;NaN
233;5749.708;180493.779410817;5749.719;38459.0731363374;5749.731;0;5749.742;0;5749.742;NaN
234;5749.754;155764.493745271;5749.765;38760.0004807442;5749.777;0;5749.788;0;5749.788;NaN
235;5749.799;189322.951301986;5749.811;36753.9548056547;5749.823;0;5749.834;0;5749.834;NaN
236;5749.845;194298.429488213;5749.857;38760.0004807442;5749.868;0;5749.88;0;5749.88;NaN
237;5749.891;149690.960597476;5749.903;35349.9140786791;5749.914;100.0004000016;5749.926;0;5749.926;0
238;5749.937;178059.234909278;5749.949;34647.952766629;5749.96;0;5749.972;0;5749.972;NaN
239;5749.983;166298.903152029;5749.994;33143.8825004306;5750.006;0;5750.017;0;5750.017;NaN
240;5750.029;185465.769929763;5750.04;41769.6718125834;5750.052;0;5750.063;0;5750.063;NaN
241;5750.075;172380.461399665;5750.086;38960.6227289663;5750.098;0;5750.109;0;5750.109;NaN
242;5750.121;198971.075613041;5750.132;37355.7347562563;5750.144;100.0004000016;5750.155;0;5750.155;0
243;5750.166;183639.096290148;5750.178;37556.3345017526;5750.189;0;5750.201;0;5750.201;NaN
244;5750.212;184856.849273669;5750.224;37656.6355799122;5750.235;0;5750.247;0;5750.247;NaN
245;5750.258;174205.502074355;5750.27;40465.3920735909;5750.281;0;5750.293;0;5750.293;NaN
246;5750.304;166906.926738127;5750.316;40565.7164606663;5750.327;100.0004000016;5750.339;0;5750.339;0
247;5750.35;178059.234909278;5750.361;39462.1924152464;5750.373;0;5750.385;0;5750.385;NaN
248;5750.396;165285.59579317;5750.407;39161.2481921726;5750.419;0;5750.43;0;5750.43;NaN
249;5750.442;160828.012656903;5750.453;39963.7821963854;5750.465;0;5750.476;0;5750.476;NaN
250;5750.488;163056.606812143;5750.499;37756.9374616922;5750.511;0;5750.522;0;5750.522;NaN
251;5750.533;176132.221018244;5750.545;39963.7821963854;5750.556;100.0004000016;5750.568;0;5750.568;0
252;5750.579;174408.3007073;5750.591;41368.3404985035;5750.602;100.0004000016;5750.614;0;5750.614;0
253;5750.625;182421.461063947;5750.637;41970.3422936842;5750.648;0;5750.66;0;5750.66;NaN
254;5750.671;155258.253943338;5750.683;33344.4147604609;5750.694;0;5750.706;0;5750.706;NaN
255;5750.717;168731.173789082;5750.728;39261.5621294189;5750.74;0;5750.752;0;5750.752;NaN
256;5750.763;172583.230629194;5750.774;38158.1530252104;5750.786;200.0016000128;5750.797;0;5750.797;0
257;5750.809;149994.567601173;5750.82;35249.6314811254;5750.832;0;5750.843;0;5750.843;NaN
258;5750.855;163563.160543533;5750.866;37756.9374616922;5750.878;0;5750.889;0;5750.889;NaN
259;5750.9;155865.744150758;5750.912;37857.2401471024;5750.924;0;5750.935;0;5750.935;NaN
260;5750.946;136036.228066295;5750.958;34246.8496903764;5750.969;0;5750.981;100.0004000016;5750.981;NaN
261;5750.992;149488.560000644;5751.004;38960.6227289663;5751.015;200.0016000128;5751.027;0;5751.027;0
262;5751.038;145643.56754321;5751.05;39261.5621294189;5751.061;0;5751.073;0;5751.073;NaN
263;5751.084;135126.439740042;5751.095;43776.5213593361;5751.107;0;5751.119;0;5751.119;NaN
264;5751.13;152018.801637095;5751.141;34447.3996218797;5751.153;0;5751.164;0;5751.164;NaN
265;5751.176;161334.476664372;5751.187;40465.3920735909;5751.199;100.0004000016;5751.21;0;5751.21;0
266;5751.222;140788.415124698;5751.233;40866.6944453348;5751.245;0;5751.256;0;5751.256;NaN
267;5751.267;152120.021892405;5751.279;38358.7656289435;5751.291;0;5751.302;0;5751.302;NaN
268;5751.313;140687.286052751;5751.325;37456.0342272039;5751.336;0;5751.348;0;5751.348;NaN
269;5751.359;143114.608350732;5751.371;39161.2481921726;5751.382;100.0004000016;5751.394;0;5751.394;0
270;5751.405;131589.000004021;5751.417;40164.423735672;5751.428;0;5751.44;0;5751.44;NaN
271;5751.451;140080.52870595;5751.463;37054.8411649241;5751.474;0;5751.486;0;5751.486;NaN
272;5751.497;122699.263201476;5751.508;38459.0731363374;5751.52;0;5751.531;0;5751.531;NaN
273;5751.543;116843.556223552;5751.554;38960.6227289663;5751.566;0;5751.577;0;5751.577;NaN
274;5751.589;141496.341409452;5751.6;39662.8259162513;5751.612;0;5751.623;0;5751.623;NaN
275;5751.634;147565.916799781;5751.646;37355.7347562563;5751.658;0;5751.669;0;5751.669;NaN
276;5751.68;143114.608350732;5751.692;43074.0874303803;5751.703;0;5751.715;0;5751.715;NaN
277;5751.726;150095.771564698;5751.738;42773.0563802976;5751.749;100.0004000016;5751.761;0;5751.761;0
278;5751.772;139069.331542091;5751.784;37054.8411649241;5751.795;0;5751.807;0;5751.807;NaN
279;5751.818;145137.735006457;5751.83;39261.5621294189;5751.841;100.0004000016;5751.853;0;5751.853;0
280;5751.864;137350.483039327;5751.875;36453.0756781874;5751.887;0;5751.899;0;5751.899;NaN
281;5751.91;124921.107747722;5751.921;34447.3996218797;5751.933;200.0016000128;5751.944;0;5751.944;0
282;5751.956;134621.030237954;5751.967;40866.6944453348;5751.979;100.0004000016;5751.99;0;5751.99;0
283;5752.002;136339.505477711;5752.013;41368.3404985035;5752.025;0;5752.036;0;5752.036;NaN
284;5752.047;139473.800645984;5752.059;35450.1974796312;5752.071;0;5752.082;0;5752.082;NaN
285;5752.093;134621.030237954;5752.105;37255.4360889003;5752.116;0;5752.128;0;5752.128;NaN
286;5752.139;134924.273500149;5752.151;31038.4877247787;5752.162;100.0004000016;5752.174;0;5752.174;0
287;5752.185;119872.029323934;5752.197;33645.2191745706;5752.208;0;5752.22;0;5752.22;NaN
288;5752.231;134418.872128141;5752.243;33745.4889190629;5752.254;0;5752.266;0;5752.266;NaN
289;5752.277;127143.345327356;5752.288;32442.0448901777;5752.3;0;5752.312;0;5752.312;NaN
290;5752.323;131083.732750024;5752.334;38760.0004807442;5752.346;0;5752.357;0;5752.357;NaN
291;5752.369;114623.14001101;5752.38;38358.7656289435;5752.392;0;5752.403;0;5752.403;NaN
292;5752.415;137754.896834654;5752.426;42672.714305176;5752.438;0;5752.449;0;5752.449;NaN
293;5752.46;129062.866884318;5752.472;43274.7788177972;5752.483;0;5752.495;0;5752.495;NaN
294;5752.506;136743.886743887;5752.518;42672.714305176;5752.529;0;5752.541;0;5752.541;NaN
295;5752.552;118761.504392769;5752.564;34748.2305439951;5752.575;0;5752.587;0;5752.587;NaN
296;5752.598;120881.682656945;5752.609;39562.5087638469;5752.621;0;5752.633;0;5752.633;NaN
297;5752.644;131993.228435745;5752.655;33946.0308177889;5752.667;0;5752.678;0;5752.678;NaN
298;5752.69;130477.438862574;5752.701;38860.311202987;5752.713;0;5752.724;0;5752.724;NaN
299;5752.736;136844.984093404;5752.747;36051.9147572504;5752.759;0;5752.77;0;5752.77;NaN
300;5752.781;133509.200875048;5752.793;41569.0045475489;5752.804;100.0004000016;5752.816;0;5752.816;0
301;5752.827;123810.136351942;5752.839;38358.7656289435;5752.85;0;5752.862;0;5752.862;NaN
302;5752.873;130578.485812281;5752.885;41569.0045475489;5752.896;0;5752.908;0;5752.908;NaN
303;5752.919;132599.595465677;5752.931;38960.6227289663;5752.942;200.0016000128;5752.954;0;5752.954;0
304;5752.965;133812.417309757;5752.976;39060.9350586916;5752.988;0;5753;0;5753;NaN
305;5753.011;140889.545010237;5753.022;37355.7347562563;5753.034;0;5753.045;0;5753.045;NaN
306;5753.057;126436.227094741;5753.068;41769.6718125834;5753.08;0;5753.091;0;5753.091;NaN
307;5753.102;129264.938845421;5753.114;40264.7457111035;5753.126;100.0004000016;5753.137;0;5753.137;0
308;5753.148;136844.984093404;5753.16;36653.6609596449;5753.171;0;5753.183;0;5753.183;NaN
309;5753.194;127042.326000257;5753.206;38459.0731363374;5753.217;0;5753.229;0;5753.229;NaN
310;5753.24;125628.140703518;5753.252;39161.2481921726;5753.263;100.0004000016;5753.275;0;5753.275;0
311;5753.286;124214.114582496;5753.298;39863.462632511;5753.309;0;5753.321;0;5753.321;NaN
312;5753.332;127143.345327356;5753.343;35450.1974796312;5753.355;100.0004000016;5753.366;0;5753.366;0
313;5753.378;125224.116999124;5753.389;37857.2401471024;5753.401;0;5753.412;0;5753.412;NaN
314;5753.424;122497.296819291;5753.435;34848.5091247016;5753.447;100.0004000016;5753.458;0;5753.458;0
315;5753.47;129770.13296664;5753.481;39361.8768704403;5753.493;300.003600043201;5753.504;0;5753.504;0
316;5753.515;119367.233091652;5753.527;35550.4816839913;5753.538;0;5753.55;0;5753.55;NaN
317;5753.561;118559.601318222;5753.573;35049.0686961746;5753.584;0;5753.596;0;5753.596;NaN
318;5753.607;124113.118806906;5753.619;37355.7347562563;5753.63;0;5753.642;0;5753.642;NaN
319;5753.653;122598.27960447;5753.664;36954.5449082846;5753.676;0;5753.687;0;5753.687;NaN
320;5753.699;115935.15668325;5753.71;35951.6265357053;5753.722;0;5753.733;0;5753.733;NaN
321;5753.745;128759.765036045;5753.756;38760.0004807442;5753.768;100.0004000016;5753.779;0;5753.779;0
322;5753.791;126739.27289247;5753.802;36553.3679171591;5753.814;0;5753.825;0;5753.825;NaN
323;5753.836;115632.371438101;5753.848;38459.0731363374;5753.859;0;5753.871;0;5753.871;NaN
324;5753.882;111293.251691497;5753.894;37456.0342272039;5753.905;0;5753.917;0;5753.917;NaN
325;5753.928;125527.133559262;5753.94;37857.2401471024;5753.951;0;5753.963;0;5753.963;NaN
326;5753.974;113109.44494001;5753.985;40064.1025641026;5753.997;100.0004000016;5754.009;0;5754.009;0
327;5754.02;130073.259189565;5754.031;39261.5621294189;5754.043;0;5754.054;0;5754.054;NaN
328;5754.066;124113.118806906;5754.077;33043.6175751993;5754.089;0;5754.1;0;5754.1;NaN
329;5754.112;113311.260406956;5754.123;41167.6796653699;5754.135;0;5754.146;0;5754.146;NaN
330;5754.157;126739.27289247;5754.169;40064.1025641026;5754.18;0;5754.192;0;5754.192;NaN
331;5754.203;127951.529186618;5754.215;40866.6944453348;5754.226;0;5754.238;0;5754.238;NaN
332;5754.249;124214.114582496;5754.261;37957.5436361524;5754.272;0;5754.284;0;5754.284;NaN
333;5754.295;127143.345327356;5754.306;39562.5087638469;5754.318;0;5754.33;0;5754.33;NaN
334;5754.341;112604.920463358;5754.352;35751.0525029742;5754.364;0;5754.375;0;5754.375;NaN
335;5754.387;123911.129691639;5754.398;40866.6944453348;5754.41;0;5754.421;0;5754.421;NaN
336;5754.433;133408.130355929;5754.444;41769.6718125834;5754.456;0;5754.467;0;5754.467;NaN
337;5754.478;127345.386418368;5754.49;38358.7656289435;5754.502;100.0004000016;5754.513;0;5754.513;0
338;5754.524;123103.205707969;5754.536;42271.354045629;5754.547;0;5754.559;0;5754.559;NaN
339;5754.57;122194.35333462;5754.582;38459.0731363374;5754.593;100.0004000016;5754.605;0;5754.605;0
340;5754.616;130982.681737214;5754.627;36352.7842427204;5754.639;0;5754.651;0;5754.651;NaN
341;5754.662;116641.683980405;5754.673;42773.0563802976;5754.685;0;5754.696;0;5754.696;NaN
342;5754.708;125628.140703518;5754.719;42271.354045629;5754.731;0;5754.742;0;5754.742;NaN
343;5754.754;129568.052880653;5754.765;36954.5449082846;5754.777;0;5754.788;0;5754.788;NaN
344;5754.799;128052.555824482;5754.811;38659.6905622281;5754.823;0;5754.834;0;5754.834;NaN
345;5754.845;124517.106781208;5754.857;37656.6355799122;5754.868;100.0004000016;5754.88;0;5754.88;0
346;5754.891;120073.953497719;5754.903;37957.5436361524;5754.914;100.0004000016;5754.926;0;5754.926;0
347;5754.937;111293.251691497;5754.949;36954.5449082846;5754.96;0;5754.972;0;5754.972;NaN
348;5754.983;121285.566716105;5754.994;36553.3679171591;5755.006;0;5755.018;0;5755.018;NaN
349;5755.029;116338.881700035;5755.04;33845.7594667991;5755.052;0;5755.063;0;5755.063;NaN
350;5755.075;123709.14382419;5755.086;38057.8479288519;5755.098;0;5755.109;0;5755.109;NaN
351;5755.121;111696.82748867;5755.132;34547.6757925938;5755.144;0;5755.155;0;5755.155;NaN
352;5755.166;106552.207568923;5755.178;39261.5621294189;5755.19;0;5755.201;0;5755.201;NaN
353;5755.212;117550.134630069;5755.224;42171.0159909287;5755.235;100.0004000016;5755.247;0;5755.247;0
354;5755.258;118458.650998107;5755.27;37656.6355799122;5755.281;100.0004000016;5755.293;0;5755.293;0
355;5755.304;124921.107747722;5755.316;36854.249455198;5755.327;0;5755.339;0;5755.339;NaN
356;5755.35;121184.59448379;5755.361;35951.6265357053;5755.373;0;5755.384;0;5755.384;NaN
357;5755.396;123709.14382419;5755.407;36753.9548056547;5755.419;0;5755.43;0;5755.43;NaN
358;5755.442;115733.299041985;5755.453;38760.0004807442;5755.465;100.0004000016;5755.476;0;5755.476;0
359;5755.487;124618.105804792;5755.499;36152.2037822616;5755.511;100.0004000016;5755.522;0;5755.522;0
360;5755.533;115834.227457032;5755.545;37556.3345017526;5755.556;0;5755.568;0;5755.568;NaN
361;5755.579;125830.157428401;5755.591;35650.7666917691;5755.602;0;5755.614;0;5755.614;NaN
362;5755.625;120780.713671332;5755.637;40766.3676465285;5755.648;100.0004000016;5755.66;0;5755.66;0
363;5755.671;108569.454320482;5755.682;33244.1482288479;5755.694;0;5755.705;100.0004000016;5755.705;NaN
364;5755.717;112806.727821374;5755.728;41669.3377780627;5755.74;0;5755.751;0;5755.751;NaN
365;5755.763;117651.077647702;5755.774;37456.0342272039;5755.786;0;5755.797;0;5755.797;NaN
366;5755.809;106451.353739857;5755.82;34547.6757925938;5755.832;100.0004000016;5755.843;0;5755.843;0
367;5755.855;117550.134630069;5755.866;37255.4360889003;5755.878;0;5755.889;0;5755.889;NaN
368;5755.9;116742.619696349;5755.912;35751.0525029742;5755.923;0;5755.935;0;5755.935;NaN
369;5755.946;112907.632716694;5755.958;35751.0525029742;5755.969;0;5755.981;0;5755.981;NaN
370;5755.992;123608.152108373;5756.004;40766.3676465285;5756.015;200.0016000128;5756.027;0;5756.027;0
371;5756.038;125426.127227118;5756.05;35650.7666917691;5756.061;0;5756.073;0;5756.073;NaN
372;5756.084;124416.108569637;5756.095;32542.3049964954;5756.107;0;5756.118;0;5756.118;NaN
373;5756.13;115531.444645369;5756.141;36653.6609596449;5756.153;0;5756.164;0;5756.164;NaN
374;5756.176;117651.077647702;5756.187;32442.0448901777;5756.199;100.0004000016;5756.21;0;5756.21;0
375;5756.221;117146.370672818;5756.233;32241.5270868879;5756.245;100.0004000016;5756.256;0;5756.256;0
376;5756.267;103526.945121682;5756.279;36453.0756781874;5756.29;0;5756.302;0;5756.302;NaN
377;5756.313;115935.15668325;5756.325;37957.5436361524;5756.336;100.0004000016;5756.348;0;5756.348;0
378;5756.359;117146.370672818;5756.371;35450.1974796312;5756.382;0;5756.394;0;5756.394;NaN
379;5756.405;125224.116999124;5756.417;39662.8259162513;5756.428;0;5756.44;0;5756.44;NaN
380;5756.451;115531.444645369;5756.462;33645.2191745706;5756.474;100.0004000016;5756.486;0;5756.486;0
381;5756.497;116944.493562025;5756.508;34647.952766629;5756.52;100.0004000016;5756.531;0;5756.531;0
382;5756.543;123911.129691639;5756.554;39161.2481921726;5756.566;0;5756.577;0;5756.577;NaN
383;5756.589;128254.611537286;5756.6;38158.1530252104;5756.612;0;5756.623;0;5756.623;NaN
384;5756.634;126335.213453243;5756.646;40565.7164606663;5756.658;0;5756.669;0;5756.669;NaN
385;5756.68;121588.488283291;5756.692;36753.9548056547;5756.703;0;5756.715;0;5756.715;NaN
386;5756.726;116036.086720649;5756.738;36252.4936107484;5756.749;0;5756.761;0;5756.761;NaN
387;5756.772;112806.727821374;5756.784;35951.6265357053;5756.795;100.0004000016;5756.807;0;5756.807;0
388;5756.818;115430.518663779;5756.829;33444.6820952793;5756.841;0;5756.853;0;5756.853;NaN
389;5756.864;112302.215507751;5756.875;37957.5436361524;5756.887;0;5756.898;0;5756.898;NaN
390;5756.91;116338.881700035;5756.921;36352.7842427204;5756.933;0;5756.944;0;5756.944;NaN
391;5756.956;123406.171112505;5756.967;36453.0756781874;5756.979;0;5756.99;0;5756.99;NaN
392;5757.002;107863.381085142;5757.013;36553.3679171591;5757.025;0;5757.036;0;5757.036;NaN
393;5757.047;114824.979807681;5757.059;36653.6609596449;5757.071;0;5757.082;0;5757.082;NaN
394;5757.093;122901.232831009;5757.105;36453.0756781874;5757.116;100.0004000016;5757.128;100.0004000016;5757.128;1
395;5757.139;107863.381085142;5757.151;38057.8479288519;5757.162;100.0004000016;5757.174;0;5757.174;0
396;5757.185;111696.82748867;5757.197;31539.7400724913;5757.208;0;5757.22;0;5757.22;NaN
397;5757.231;105543.705738926;5757.242;38258.4589252378;5757.254;0;5757.266;0;5757.266;NaN
398;5757.277;117348.251028807;5757.288;38960.6227289663;5757.3;100.0004000016;5757.311;0;5757.311;0
399;5757.323;111495.03796858;5757.334;34948.7885087582;5757.346;0;5757.357;0;5757.357;NaN
400;5757.369;117752.021476683;5757.38;40264.7457111035;5757.392;0;5757.403;0;5757.403;NaN
401;5757.414;119872.029323934;5757.426;35951.6265357053;5757.437;0;5757.449;0;5757.449;NaN
402;5757.46;116641.683980405;5757.472;37756.9374616922;5757.483;0;5757.495;0;5757.495;NaN
403;5757.506;114724.059503813;5757.518;37656.6355799122;5757.529;0;5757.541;0;5757.541;NaN
404;5757.552;124719.105640399;5757.564;41268.0096799526;5757.575;0;5757.587;0;5757.587;NaN
405;5757.598;112604.920463358;5757.609;36453.0756781874;5757.621;0;5757.632;0;5757.632;NaN
406;5757.644;126436.227094741;5757.655;39261.5621294189;5757.667;0;5757.678;0;5757.678;NaN
407;5757.69;113714.901072054;5757.701;38760.0004807442;5757.713;0;5757.724;0;5757.724;NaN
408;5757.735;113008.538422903;5757.747;35951.6265357053;5757.758;0;5757.77;0;5757.77;NaN
409;5757.781;114522.221329261;5757.793;33745.4889190629;5757.804;0;5757.816;100.0004000016;5757.816;NaN
410;5757.827;103930.271323278;5757.839;38559.381447429;5757.85;100.0004000016;5757.862;0;5757.862;0
411;5757.873;115632.371438101;5757.885;27931.1711870447;5757.896;0;5757.908;0;5757.908;NaN
412;5757.919;110587.025259242;5757.93;41970.3422936842;5757.942;0;5757.954;0;5757.954;NaN
413;5757.965;126436.227094741;5757.976;36854.249455198;5757.988;0;5757.999;0;5757.999;NaN
414;5758.011;102518.68631491;5758.022;41067.3504547458;5758.034;0;5758.045;0;5758.045;NaN
415;5758.057;108367.715058191;5758.068;41669.3377780627;5758.08;0;5758.091;0;5758.091;NaN
416;5758.102;111696.82748867;5758.114;36152.2037822616;5758.125;0;5758.137;0;5758.137;NaN
417;5758.148;114724.059503813;5758.16;39963.7821963854;5758.171;100.0004000016;5758.183;0;5758.183;0
418;5758.194;125224.116999124;5758.206;38960.6227289663;5758.217;0;5758.229;0;5758.229;NaN
419;5758.24;125123.113103254;5758.252;39060.9350586916;5758.263;0;5758.275;0;5758.275;NaN
420;5758.286;119569.149149954;5758.297;38057.8479288519;5758.309;0;5758.32;0;5758.32;NaN
421;5758.332;119367.233091652;5758.343;43074.0874303803;5758.355;100.0004000016;5758.366;0;5758.366;0
422;5758.378;126032.177401848;5758.389;37656.6355799122;5758.401;0;5758.412;0;5758.412;NaN
423;5758.423;124012.12384329;5758.435;40365.0684904065;5758.447;0;5758.458;0;5758.458;NaN
424;5758.469;123709.14382419;5758.481;33444.6820952793;5758.492;0;5758.504;0;5758.504;NaN
425;5758.515;114724.059503813;5758.527;34447.3996218797;5758.538;0;5758.55;0;5758.55;NaN
426;5758.561;115228.669133987;5758.573;34748.2305439951;5758.584;0;5758.596;0;5758.596;NaN
427;5758.607;117651.077647702;5758.618;35349.9140786791;5758.63;0;5758.642;0;5758.642;NaN
428;5758.653;110183.485132763;5758.664;33544.9502333126;5758.676;0;5758.687;0;5758.687;NaN
429;5758.699;122295.333684376;5758.71;44378.6389482162;5758.722;100.0004000016;5758.733;0;5758.733;0
430;5758.745;114925.900922622;5758.756;36453.0756781874;5758.768;0;5758.779;0;5758.779;NaN
431;5758.79;109578.199261578;5758.802;31038.4877247787;5758.814;0;5758.825;0;5758.825;NaN
432;5758.836;117449.192423774;5758.848;39562.5087638469;5758.859;0;5758.871;0;5758.871;NaN
433;5758.882;129062.866884318;5758.894;38158.1530252104;5758.905;0;5758.917;0;5758.917;NaN
434;5758.928;110486.139011651;5758.94;37255.4360889003;5758.951;0;5758.963;0;5758.963;NaN
435;5758.974;109578.199261578;5758.986;38459.0731363374;5758.997;0;5759.009;0;5759.009;NaN
436;5759.02;120477.811584359;5759.031;39161.2481921726;5759.043;300.003600043201;5759.054;0;5759.054;0
437;5759.066;123204.193364258;5759.077;33645.2191745706;5759.089;0;5759.1;0;5759.1;NaN
438;5759.112;108468.584284107;5759.123;42973.74294289;5759.135;0;5759.146;0;5759.146;NaN
439;5759.158;113815.81326572;5759.169;39763.1438724695;5759.181;0;5759.192;0;5759.192;NaN
440;5759.203;118660.552449773;5759.215;41368.3404985035;5759.226;0;5759.238;0;5759.238;NaN
441;5759.249;131184.784575484;5759.261;40666.0416516423;5759.272;0;5759.284;0;5759.284;NaN
442;5759.295;118054.85783181;5759.307;41067.3504547458;5759.318;0;5759.33;0;5759.33;NaN
443;5759.341;113311.260406956;5759.352;34347.1242544771;5759.364;0;5759.376;0;5759.376;NaN
444;5759.387;118559.601318222;5759.398;35650.7666917691;5759.41;200.0016000128;5759.421;0;5759.421;0
445;5759.433;117852.966117021;5759.444;36553.3679171591;5759.456;0;5759.467;0;5759.467;NaN
446;5759.479;105947.096748278;5759.49;34246.8496903764;5759.502;0;5759.513;0;5759.513;NaN
447;5759.524;108972.942570757;5759.536;36252.4936107484;5759.548;0;5759.559;0;5759.559;NaN
448;5759.57;111091.46865734;5759.582;36352.7842427204;5759.593;100.0004000016;5759.605;0;5759.605;0
449;5759.616;92642.0343909715;5759.628;33043.6175751993;5759.639;0;5759.651;0;5759.651;NaN
450;5759.662;110284.368948421;5759.674;34547.6757925938;5759.685;100.0004000016;5759.697;0;5759.697;0
451;5759.708;104333.610485176;5759.719;33845.7594667991;5759.731;0;5759.743;0;5759.743;NaN
452;5759.754;113714.901072054;5759.765;34647.952766629;5759.777;0;5759.788;0;5759.788;NaN
453;5759.8;119367.233091652;5759.811;33344.4147604609;5759.823;0;5759.834;100.0004000016;5759.834;NaN
454;5759.846;104434.447300771;5759.857;38860.311202987;5759.869;0;5759.88;0;5759.88;NaN
455;5759.891;124214.114582496;5759.903;40164.423735672;5759.915;0;5759.926;0;5759.926;NaN
456;5759.937;115834.227457032;5759.949;36854.249455198;5759.96;100.0004000016;5759.972;0;5759.972;0
457;5759.983;116338.881700035;5759.995;38258.4589252378;5760.006;200.0016000128;5760.018;0;5760.018;0
458;5760.029;116742.619696349;5760.041;37756.9374616922;5760.052;0;5760.064;0;5760.064;NaN
459;5760.075;99292.8023260017;5760.087;35249.6314811254;5760.098;0;5760.11;0;5760.11;NaN
460;5760.121;112403.116348777;5760.132;39963.7821963854;5760.144;0;5760.155;0;5760.155;NaN
461;5760.167;106249.648512505;5760.178;37355.7347562563;5760.19;0;5760.201;0;5760.201;NaN
462;5760.213;117247.310445158;5760.224;39963.7821963854;5760.236;0;5760.247;0;5760.247;NaN
463;5760.258;104434.447300771;5760.27;33946.0308177889;5760.282;200.0016000128;5760.293;0;5760.293;0
464;5760.304;108972.942570757;5760.316;39763.1438724695;5760.328;0;5760.339;0;5760.339;NaN
465;5760.35;107157.347559383;5760.362;31840.5011174214;5760.373;0;5760.385;0;5760.385;NaN
466;5760.396;115228.669133987;5760.408;37155.1382251261;5760.419;100.0004000016;5760.431;0;5760.431;0
467;5760.442;102821.155452734;5760.454;34948.7885087582;5760.465;300.003600043201;5760.477;100.0004000016;5760.477;0.333330666656
468;5760.488;109275.567268754;5760.499;39562.5087638469;5760.511;100.0004000016;5760.522;0;5760.522;0
469;5760.534;93851.0027502861;5760.545;37556.3345017526;5760.557;100.0004000016;5760.568;0;5760.568;0
470;5760.58;106753.917657881;5760.591;36051.9147572504;5760.603;0;5760.614;0;5760.614;NaN
471;5760.626;105241.170988785;5760.637;36051.9147572504;5760.649;0;5760.66;0;5760.66;NaN
472;5760.671;112705.823736931;5760.683;36753.9548056547;5760.695;100.0004000016;5760.706;0;5760.706;0
473;5760.717;110385.253574714;5760.729;38258.4589252378;5760.74;0;5760.752;0;5760.752;NaN
474;5760.763;111293.251691497;5760.775;34246.8496903764;5760.786;0;5760.798;0;5760.798;NaN
475;5760.809;112504.018000643;5760.821;35951.6265357053;5760.832;0;5760.844;0;5760.844;NaN
476;5760.855;118761.504392769;5760.866;38659.6905622281;5760.878;0;5760.889;100.0004000016;5760.889;NaN
477;5760.901;103123.631879762;5760.912;37155.1382251261;5760.924;100.0004000016;5760.935;0;5760.935;0
478;5760.947;115531.444645369;5760.958;37456.0342272039;5760.97;0;5760.981;0;5760.981;NaN
479;5760.992;111696.82748867;5761.004;34447.3996218797;5761.016;0;5761.027;0;5761.027;NaN
480;5761.038;104736.962608001;5761.05;40465.3920735909;5761.061;0;5761.073;0;5761.073;NaN
481;5761.084;110587.025259242;5761.096;37355.7347562563;5761.107;0;5761.119;0;5761.119;NaN
482;5761.13;122295.333684376;5761.142;39963.7821963854;5761.153;0;5761.165;0;5761.165;NaN
483;5761.176;112302.215507751;5761.187;40565.7164606663;5761.199;0;5761.211;0;5761.211;NaN
484;5761.222;110284.368948421;5761.233;35349.9140786791;5761.245;0;5761.256;0;5761.256;NaN
485;5761.268;106854.773917794;5761.279;34146.5759295679;5761.291;0;5761.302;0;5761.302;NaN
486;5761.314;115733.299041985;5761.325;34347.1242544771;5761.337;0;5761.348;0;5761.348;NaN
487;5761.36;111595.932323245;5761.371;34146.5759295679;5761.383;0;5761.394;0;5761.394;NaN
488;5761.405;103627.775457087;5761.417;35049.0686961746;5761.428;0;5761.44;0;5761.44;NaN
489;5761.451;109779.957976272;5761.463;32943.3534531443;5761.474;0;5761.486;0;5761.486;NaN
490;5761.497;100804.83220614;5761.509;37957.5436361524;5761.52;100.0004000016;5761.532;0;5761.532;0
491;5761.543;116439.814982258;5761.555;39763.1438724695;5761.566;0;5761.578;0;5761.578;NaN
492;5761.589;109880.838549493;5761.6;37054.8411649241;5761.612;0;5761.623;0;5761.623;NaN
493;5761.635;109880.838549493;5761.646;42472.032567234;5761.658;0;5761.669;0;5761.669;NaN
494;5761.681;118660.552449773;5761.692;32542.3049964954;5761.704;100.0004000016;5761.715;0;5761.715;0
495;5761.726;117852.966117021;5761.738;37656.6355799122;5761.75;0;5761.761;0;5761.761;NaN
496;5761.772;104636.123362174;5761.784;35450.1974796312;5761.795;0;5761.807;0;5761.807;NaN
497;5761.818;111192.359769057;5761.83;41970.3422936842;5761.841;100.0004000016;5761.853;0;5761.853;0
498;5761.864;109779.957976272;5761.876;34146.5759295679;5761.887;0;5761.899;0;5761.899;NaN
499;5761.91;104736.962608001;5761.922;35450.1974796312;5761.933;200.0016000128;5761.945;0;5761.945;0
500;5761.956;110990.578356335;5761.967;32943.3534531443;5761.979;0;5761.991;0;5761.991;NaN
501;5762.002;113815.81326572;5762.013;34848.5091247016;5762.025;0;5762.036;0;5762.036;NaN
502;5762.048;109880.838549493;5762.059;37756.9374616922;5762.071;0;5762.082;0;5762.082;NaN
503;5762.093;120275.880917835;5762.105;37355.7347562563;5762.117;100.0004000016;5762.128;0;5762.128;0
504;5762.139;107359.067372083;5762.151;39763.1438724695;5762.162;0;5762.174;0;5762.174;NaN
505;5762.185;106047.946526126;5762.197;36553.3679171591;5762.208;0;5762.22;0;5762.22;NaN
506;5762.231;109376.443789146;5762.243;35951.6265357053;5762.254;0;5762.266;0;5762.266;NaN
507;5762.277;110082.602127728;5762.289;36252.4936107484;5762.3;0;5762.312;0;5762.312;NaN
508;5762.323;110587.025259242;5762.334;35049.0686961746;5762.346;0;5762.358;0;5762.358;NaN
509;5762.369;120073.953497719;5762.38;37054.8411649241;5762.392;200.0016000128;5762.403;0;5762.403;0
510;5762.415;110687.912317496;5762.426;37556.3345017526;5762.438;0;5762.449;0;5762.449;NaN
511;5762.461;115632.371438101;5762.472;34146.5759295679;5762.484;0;5762.495;0;5762.495;NaN
512;5762.506;118963.410713137;5762.518;37656.6355799122;5762.53;0;5762.541;0;5762.541;NaN
513;5762.552;113210.352268024;5762.564;37355.7347562563;5762.575;0;5762.587;0;5762.587;NaN
514;5762.598;114623.14001101;5762.61;34948.7885087582;5762.621;100.0004000016;5762.633;0;5762.633;0
515;5762.644;114017.64008599;5762.656;37054.8411649241;5762.667;100.0004000016;5762.679;0;5762.679;0
516;5762.69;119165.320279406;5762.701;35149.3496869605;5762.713;100.0004000016;5762.724;0;5762.724;0
517;5762.736;110284.368948421;5762.747;37456.0342272039;5762.759;0;5762.77;0;5762.77;NaN
518;5762.782;105039.485206102;5762.793;37556.3345017526;5762.805;0;5762.816;0;5762.816;NaN
519;5762.828;105342.01509534;5762.839;40164.423735672;5762.851;200.0016000128;5762.862;0;5762.862;0
520;5762.873;98990.4182094179;5762.885;33645.2191745706;5762.896;0;5762.908;0;5762.908;NaN
521;5762.919;109779.957976272;5762.931;33143.8825004306;5762.942;0;5762.954;0;5762.954;NaN
522;5762.965;112302.215507751;5762.977;31539.7400724913;5762.988;300.003600043201;5763;0;5763;0
523;5763.011;104535.284926434;5763.023;37957.5436361524;5763.034;100.0004000016;5763.046;0;5763.046;0
524;5763.057;113311.260406956;5763.068;34647.952766629;5763.08;0;5763.092;0;5763.092;NaN
525;5763.103;114623.14001101;5763.114;31639.9929510902;5763.126;0;5763.137;0;5763.137;NaN
526;5763.149;112504.018000643;5763.16;36553.3679171591;5763.172;0;5763.183;0;5763.183;NaN
527;5763.195;109376.443789146;5763.206;32943.3534531443;5763.218;100.0004000016;5763.229;0;5763.229;0
528;5763.24;124113.118806906;5763.252;38057.8479288519;5763.264;0;5763.275;0;5763.275;NaN
529;5763.286;122093.373796652;5763.298;35650.7666917691;5763.309;100.0004000016;5763.321;0;5763.321;0
530;5763.332;115329.593493321;5763.344;37456.0342272039;5763.355;0;5763.367;0;5763.367;NaN
531;5763.378;121992.395070462;5763.39;43977.2240053534;5763.401;0;5763.413;0;5763.413;NaN
532;5763.424;111394.144424668;5763.436;37155.1382251261;5763.447;0;5763.459;0;5763.459;NaN
533;5763.47;115632.371438101;5763.481;42873.3992595323;5763.493;0;5763.504;0;5763.504;NaN
534;5763.516;110183.485132763;5763.527;39060.9350586916;5763.539;0;5763.55;0;5763.55;NaN
535;5763.562;121487.513615846;5763.573;41167.6796653699;5763.585;0;5763.596;0;5763.596;NaN
536;5763.608;126234.200623935;5763.619;39863.462632511;5763.631;100.0004000016;5763.642;0;5763.642;0
537;5763.653;118862.457147221;5763.665;39462.1924152464;5763.676;0;5763.688;0;5763.688;NaN
538;5763.699;109679.078213637;5763.711;39060.9350586916;5763.722;0;5763.734;0;5763.734;NaN
539;5763.745;113916.726270362;5763.757;34848.5091247016;5763.768;0;5763.78;0;5763.78;NaN
540;5763.791;126133.188606806;5763.802;38760.0004807442;5763.814;0;5763.826;0;5763.826;NaN
541;5763.837;108569.454320482;5763.848;33143.8825004306;5763.86;0;5763.871;0;5763.871;NaN
542;5763.883;107560.790426186;5763.894;37456.0342272039;5763.906;100.0004000016;5763.917;0;5763.917;0
543;5763.929;124517.106781208;5763.94;34447.3996218797;5763.952;0;5763.963;0;5763.963;NaN
544;5763.975;114017.64008599;5763.986;32943.3534531443;5763.998;100.0004000016;5764.009;0;5764.009;0
545;5764.02;107863.381085142;5764.032;34146.5759295679;5764.043;100.0004000016;5764.055;0;5764.055;0
546;5764.066;114118.554712614;5764.078;34948.7885087582;5764.089;100.0004000016;5764.101;0;5764.101;0
547;5764.112;112302.215507751;5764.124;35149.3496869605;5764.135;0;5764.147;100.0004000016;5764.147;NaN
548;5764.158;102518.68631491;5764.17;35049.0686961746;5764.181;0;5764.193;0;5764.193;NaN
549;5764.204;112302.215507751;5764.216;35349.9140786791;5764.227;0;5764.239;0;5764.239;NaN
550;5764.25;116641.683980405;5764.261;36453.0756781874;5764.273;0;5764.285;0;5764.285;NaN
551;5764.296;103829.438557875;5764.307;35751.0525029742;5764.319;0;5764.33;0;5764.33;NaN
552;5764.342;106552.207568923;5764.353;37756.9374616922;5764.365;100.0004000016;5764.376;0;5764.376;0
553;5764.388;118761.504392769;5764.399;36453.0756781874;5764.411;100.0004000016;5764.422;0;5764.422;0
554;5764.433;121992.395070462;5764.445;33544.9502333126;5764.456;0;5764.468;0;5764.468;NaN
555;5764.479;108165.979037694;5764.491;33745.4889190629;5764.502;100.0004000016;5764.514;0;5764.514;0
556;5764.525;132094.287575497;5764.537;36453.0756781874;5764.548;0;5764.56;0;5764.56;NaN
557;5764.571;111898.620251842;5764.582;31339.2367243789;5764.594;0;5764.606;0;5764.606;NaN
558;5764.617;112100.416258177;5764.628;38459.0731363374;5764.64;0;5764.651;0;5764.651;NaN
559;5764.663;111091.46865734;5764.674;38258.4589252378;5764.686;0;5764.697;0;5764.697;NaN
560;5764.709;107459.928493954;5764.72;38760.0004807442;5764.732;0;5764.743;0;5764.743;NaN
561;5764.754;107661.653168788;5764.766;36252.4936107484;5764.777;0;5764.789;0;5764.789;NaN
562;5764.8;109679.078213637;5764.812;37155.1382251261;5764.823;0;5764.835;0;5764.835;NaN
563;5764.846;107157.347559383;5764.858;32742.827618525;5764.869;100.0004000016;5764.881;0;5764.881;0
564;5764.892;108972.942570757;5764.903;34447.3996218797;5764.915;200.0016000128;5764.927;0;5764.927;0
565;5764.938;113412.169356815;5764.949;39161.2481921726;5764.961;100.0004000016;5764.972;0;5764.972;0
566;5764.984;119771.068454391;5764.995;37255.4360889003;5765.007;100.0004000016;5765.018;0;5765.018;0
567;5765.03;111797.723464866;5765.041;36252.4936107484;5765.053;200.0016000128;5765.064;0;5765.064;0
568;5765.075;113513.079117612;5765.087;40666.0416516423;5765.098;0;5765.11;0;5765.11;NaN
569;5765.121;102821.155452734;5765.133;34046.302972042;5765.144;0;5765.156;0;5765.156;NaN
570;5765.167;114118.554712614;5765.179;40064.1025641026;5765.19;0;5765.202;0;5765.202;NaN
571;5765.213;116237.949229032;5765.225;39963.7821963854;5765.236;100.0004000016;5765.248;0;5765.248;0
572;5765.259;120073.953497719;5765.271;41368.3404985035;5765.282;100.0004000016;5765.294;0;5765.294;0
573;5765.305;118458.650998107;5765.316;36553.3679171591;5765.328;0;5765.339;0;5765.339;NaN
574;5765.351;117752.021476683;5765.362;32742.827618525;5765.374;0;5765.385;0;5765.385;NaN
575;5765.397;112705.823736931;5765.408;40365.0684904065;5765.42;0;5765.431;0;5765.431;NaN
576;5765.442;112403.116348777;5765.454;34948.7885087582;5765.466;0;5765.477;0;5765.477;NaN
577;5765.488;100905.640675516;5765.5;36553.3679171591;5765.512;0;5765.523;0;5765.523;NaN
578;5765.534;106854.773917794;5765.546;29635.0879441258;5765.557;0;5765.569;0;5765.569;NaN
579;5765.58;124214.114582496;5765.592;33444.6820952793;5765.603;0;5765.615;0;5765.615;NaN
580;5765.626;104232.774479639;5765.637;35650.7666917691;5765.649;100.0004000016;5765.661;0;5765.661;0
581;5765.672;106955.630988009;5765.683;36051.9147572504;5765.695;0;5765.706;0;5765.706;NaN
582;5765.718;111797.723464866;5765.729;37656.6355799122;5765.741;0;5765.752;0;5765.752;NaN
583;5765.764;118862.457147221;5765.775;38258.4589252378;5765.787;0;5765.798;0;5765.798;NaN
584;5765.809;96974.7102805239;5765.821;32542.3049964954;5765.833;0;5765.844;0;5765.844;NaN
585;5765.855;118559.601318222;5765.867;39662.8259162513;5765.878;200.0016000128;5765.89;0;5765.89;0
586;5765.901;122497.296819291;5765.913;36553.3679171591;5765.924;0;5765.936;0;5765.936;NaN
587;5765.947;111394.144424668;5765.959;34447.3996218797;5765.97;100.0004000016;5765.982;0;5765.982;0
588;5765.993;112604.920463358;5766.004;38760.0004807442;5766.016;0;5766.028;0;5766.028;NaN
589;5766.039;118054.85783181;5766.05;38860.311202987;5766.062;100.0004000016;5766.073;0;5766.073;0
590;5766.085;111595.932323245;5766.096;32943.3534531443;5766.108;0;5766.119;0;5766.119;NaN
591;5766.131;94757.8054734678;5766.142;37255.4360889003;5766.154;0;5766.165;0;5766.165;NaN
592;5766.176;104736.962608001;5766.188;38860.311202987;5766.2;0;5766.211;0;5766.211;NaN
593;5766.222;116742.619696349;5766.234;37054.8411649241;5766.245;0;5766.257;0;5766.257;NaN
594;5766.268;125123.113103254;5766.28;37054.8411649241;5766.291;0;5766.303;0;5766.303;NaN
595;5766.314;111595.932323245;5766.326;36954.5449082846;5766.337;0;5766.349;0;5766.349;NaN
596;5766.36;113311.260406956;5766.371;30136.2840860396;5766.383;0;5766.395;0;5766.395;NaN
597;5766.406;116742.619696349;5766.417;41870.0066511207;5766.429;0;5766.44;0;5766.44;NaN
598;5766.452;120679.745497369;5766.463;37255.4360889003;5766.475;0;5766.486;0;5766.486;NaN
599;5766.498;107964.246258913;5766.509;38258.4589252378;5766.521;0;5766.532;0;5766.532;NaN
600;5766.544;116742.619696349;5766.555;37756.9374616922;5766.567;0;5766.578;0;5766.578;NaN
601;5766.589;112907.632716694;5766.601;37054.8411649241;5766.612;100.0004000016;5766.624;0;5766.624;0
602;5766.635;107863.381085142;5766.647;35951.6265357053;5766.658;100.0004000016;5766.67;200.0016000128;5766.67;2.000008000064
603;5766.681;116540.749075711;5766.693;38559.381447429;5766.704;100.0004000016;5766.716;0;5766.716;0
604;5766.727;114017.64008599;5766.738;33143.8825004306;5766.75;0;5766.762;0;5766.762;NaN
605;5766.773;112504.018000643;5766.784;35450.1974796312;5766.796;100.0004000016;5766.808;0;5766.808;0
606;5766.819;108065.112243094;5766.83;35550.4816839913;5766.842;0;5766.853;0;5766.853;NaN
607;5766.865;117550.134630069;5766.876;35550.4816839913;5766.888;0;5766.899;0;5766.899;NaN
608;5766.91;105241.170988785;5766.922;36653.6609596449;5766.934;0;5766.945;0;5766.945;NaN
609;5766.956;116944.493562025;5766.968;34246.8496903764;5766.979;0;5766.991;0;5766.991;NaN
610;5767.002;107459.928493954;5767.014;40064.1025641026;5767.025;100.0004000016;5767.037;0;5767.037;0
611;5767.048;122598.27960447;5767.06;38659.6905622281;5767.071;0;5767.083;0;5767.083;NaN
612;5767.094;120275.880917835;5767.106;35751.0525029742;5767.117;0;5767.129;0;5767.129;NaN
613;5767.14;116843.556223552;5767.151;37857.2401471024;5767.163;0;5767.174;0;5767.174;NaN
614;5767.186;125022.110019457;5767.197;39361.8768704403;5767.209;0;5767.22;0;5767.22;NaN
615;5767.232;115733.299041985;5767.243;36051.9147572504;5767.255;100.0004000016;5767.266;0;5767.266;0
616;5767.277;119367.233091652;5767.289;34347.1242544771;5767.301;100.0004000016;5767.312;0;5767.312;0
617;5767.323;119266.276279776;5767.335;36553.3679171591;5767.346;0;5767.358;0;5767.358;NaN
618;5767.369;103526.945121682;5767.381;33745.4889190629;5767.392;0;5767.404;0;5767.404;NaN
619;5767.415;114824.979807681;5767.427;39562.5087638469;5767.438;0;5767.45;0;5767.45;NaN
620;5767.461;111999.517849609;5767.472;34347.1242544771;5767.484;0;5767.496;0;5767.496;NaN
621;5767.507;116338.881700035;5767.518;37456.0342272039;5767.53;0;5767.541;0;5767.541;NaN
622;5767.553;117651.077647702;5767.564;39361.8768704403;5767.576;0;5767.587;0;5767.587;NaN
623;5767.598;114421.303458557;5767.61;36854.249455198;5767.622;0;5767.633;0;5767.633;NaN
624;5767.644;106854.773917794;5767.656;39662.8259162513;5767.667;0;5767.679;0;5767.679;NaN
625;5767.69;108771.196824644;5767.702;38659.6905622281;5767.713;0;5767.725;0;5767.725;NaN
626;5767.736;122901.232831009;5767.748;33344.4147604609;5767.759;100.0004000016;5767.771;100.0004000016;5767.771;1
627;5767.782;99695.9924821391;5767.793;30236.5257230735;5767.805;0;5767.817;0;5767.817;NaN
628;5767.828;114118.554712614;5767.839;40766.3676465285;5767.851;0;5767.862;0;5767.862;NaN
629;5767.874;116843.556223552;5767.885;36753.9548056547;5767.897;200.0016000128;5767.908;0;5767.908;0
630;5767.92;106249.648512505;5767.931;35650.7666917691;5767.943;0;5767.954;0;5767.954;NaN
631;5767.965;107560.790426186;5767.977;40766.3676465285;5767.988;100.0004000016;5768;0;5768;0
632;5768.011;108670.325167324;5768.023;39662.8259162513;5768.034;0;5768.046;0;5768.046;NaN
633;5768.057;112705.823736931;5768.069;34848.5091247016;5768.08;0;5768.092;0;5768.092;NaN
634;5768.103;107157.347559383;5768.114;40866.6944453348;5768.126;0;5768.138;0;5768.138;NaN
635;5768.149;112604.920463358;5768.16;36051.9147572504;5768.172;0;5768.183;0;5768.183;NaN
636;5768.195;95765.4409225605;5768.206;36051.9147572504;5768.218;200.0016000128;5768.229;0;5768.229;0
637;5768.241;106955.630988009;5768.252;38860.311202987;5768.264;0;5768.275;0;5768.275;NaN
638;5768.286;125426.127227118;5768.298;39562.5087638469;5768.309;0;5768.321;0;5768.321;NaN
639;5768.332;111797.723464866;5768.344;38559.381447429;5768.355;0;5768.367;0;5768.367;NaN
640;5768.378;111999.517849609;5768.39;31639.9929510902;5768.401;0;5768.413;0;5768.413;NaN
641;5768.424;112302.215507751;5768.436;33544.9502333126;5768.447;100.0004000016;5768.459;0;5768.459;0
642;5768.47;120679.745497369;5768.481;37355.7347562563;5768.493;0;5768.505;0;5768.505;NaN
643;5768.516;105039.485206102;5768.527;32943.3534531443;5768.539;0;5768.55;0;5768.55;NaN
644;5768.562;107157.347559383;5768.573;33143.8825004306;5768.585;0;5768.596;0;5768.596;NaN
645;5768.607;108468.584284107;5768.619;38960.6227289663;5768.631;0;5768.642;0;5768.642;NaN
646;5768.653;109880.838549493;5768.665;36252.4936107484;5768.676;0;5768.688;0;5768.688;NaN
647;5768.699;94858.5653771255;5768.711;29334.3798932349;5768.722;0;5768.734;0;5768.734;NaN
648;5768.745;105947.096748278;5768.757;34848.5091247016;5768.768;0;5768.78;0;5768.78;NaN
649;5768.791;100199.998393587;5768.803;31539.7400724913;5768.814;0;5768.826;0;5768.826;NaN
650;5768.837;111898.620251842;5768.848;35650.7666917691;5768.86;0;5768.871;0;5768.871;NaN
651;5768.883;111192.359769057;5768.894;37456.0342272039;5768.906;0;5768.917;100.0004000016;5768.917;NaN
652;5768.929;113412.169356815;5768.94;29935.8032206519;5768.952;0;5768.963;0;5768.963;NaN
653;5768.975;94354.7739500522;5768.986;27931.1711870447;5768.998;100.0004000016;5769.009;0;5769.009;0
654;5769.02;116540.749075711;5769.032;31339.2367243789;5769.043;0;5769.055;0;5769.055;NaN
655;5769.066;99292.8023260017;5769.078;36051.9147572504;5769.089;0;5769.101;0;5769.101;NaN
656;5769.112;115430.518663779;5769.124;38258.4589252378;5769.135;0;5769.147;0;5769.147;NaN
657;5769.158;114421.303458557;5769.169;36854.249455198;5769.181;0;5769.193;0;5769.193;NaN
658;5769.204;110486.139011651;5769.215;40164.423735672;5769.227;0;5769.239;0;5769.239;NaN
659;5769.25;117146.370672818;5769.261;38860.311202987;5769.273;0;5769.284;0;5769.284;NaN
660;5769.296;107258.207060563;5769.307;33745.4889190629;5769.319;0;5769.33;0;5769.33;NaN
661;5769.342;108972.942570757;5769.353;40164.423735672;5769.365;0;5769.376;0;5769.376;NaN
662;5769.387;106753.917657881;5769.399;37456.0342272039;5769.41;0;5769.422;0;5769.422;NaN
663;5769.433;105543.705738926;5769.445;34146.5759295679;5769.456;0;5769.468;0;5769.468;NaN
664;5769.479;104031.1048987;5769.491;40365.0684904065;5769.502;0;5769.514;0;5769.514;NaN
665;5769.525;117651.077647702;5769.537;41167.6796653699;5769.548;0;5769.56;0;5769.56;NaN
666;5769.571;105543.705738926;5769.582;38158.1530252104;5769.594;100.0004000016;5769.605;0;5769.605;0
667;5769.617;108266.846642723;5769.628;31940.756405173;5769.64;100.0004000016;5769.651;0;5769.651;0
668;5769.663;112201.315477554;5769.674;35951.6265357053;5769.686;100.0004000016;5769.697;0;5769.697;0
669;5769.708;110284.368948421;5769.72;34146.5759295679;5769.731;0;5769.743;0;5769.743;NaN
670;5769.754;116944.493562025;5769.766;41167.6796653699;5769.777;0;5769.789;0;5769.789;NaN
671;5769.8;103627.775457087;5769.812;39361.8768704403;5769.823;0;5769.835;0;5769.835;NaN
672;5769.846;129669.09251739;5769.858;37957.5436361524;5769.869;100.0004000016;5769.881;0;5769.881;0
673;5769.892;112705.823736931;5769.903;39763.1438724695;5769.915;0;5769.927;0;5769.927;NaN
674;5769.938;108972.942570757;5769.949;32742.827618525;5769.961;0;5769.972;0;5769.972;NaN
675;5769.984;100401.606425703;5769.995;32241.5270868879;5770.007;0;5770.018;0;5770.018;NaN
676;5770.03;123103.205707969;5770.041;33645.2191745706;5770.053;100.0004000016;5770.064;0;5770.064;0
677;5770.075;99292.8023260017;5770.087;36453.0756781874;5770.099;100.0004000016;5770.11;0;5770.11;0
678;5770.121;102317.044272455;5770.133;35751.0525029742;5770.144;100.0004000016;5770.156;0;5770.156;0
679;5770.167;113916.726270362;5770.179;34748.2305439951;5770.19;0;5770.202;0;5770.202;NaN
680;5770.213;105644.552275977;5770.225;31539.7400724913;5770.236;0;5770.248;0;5770.248;NaN
681;5770.259;100502.411656272;5770.27;33344.4147604609;5770.282;100.0004000016;5770.294;0;5770.294;0
682;5770.305;93347.251776609;5770.316;31539.7400724913;5770.328;0;5770.339;0;5770.339;NaN
683;5770.351;105039.485206102;5770.362;31138.7365883159;5770.374;0;5770.385;0;5770.385;NaN
684;5770.396;106854.773917794;5770.408;36553.3679171591;5770.42;100.0004000016;5770.431;0;5770.431;0
685;5770.442;105039.485206102;5770.454;36152.2037822616;5770.465;0;5770.477;0;5770.477;NaN
686;5770.488;123709.14382419;5770.5;37054.8411649241;5770.511;200.0016000128;5770.523;0;5770.523;0
687;5770.534;108771.196824644;5770.546;34146.5759295679;5770.557;0;5770.569;0;5770.569;NaN
688;5770.58;115733.299041985;5770.592;38960.6227289663;5770.603;0;5770.615;0;5770.615;NaN
689;5770.626;113210.352268024;5770.637;35851.3391176164;5770.649;100.0004000016;5770.661;0;5770.661;0
690;5770.672;108771.196824644;5770.683;33244.1482288479;5770.695;0;5770.706;0;5770.706;NaN
691;5770.718;102821.155452734;5770.729;33745.4889190629;5770.741;0;5770.752;0;5770.752;NaN
692;5770.763;111495.03796858;5770.775;37556.3345017526;5770.787;0;5770.798;0;5770.798;NaN
693;5770.809;106653.062208261;5770.821;31138.7365883159;5770.832;0;5770.844;0;5770.844;NaN
694;5770.855;100804.83220614;5770.867;30837.992406645;5770.878;0;5770.89;0;5770.89;NaN
695;5770.901;112403.116348777;5770.913;39161.2481921726;5770.924;0;5770.936;0;5770.936;NaN
696;5770.947;102115.40546945;5770.959;32041.0124959949;5770.97;0;5770.982;0;5770.982;NaN
697;5770.993;109779.957976272;5771.004;34547.6757925938;5771.016;100.0004000016;5771.027;0;5771.027;0
698;5771.039;120679.745497369;5771.05;36453.0756781874;5771.062;0;5771.073;0;5771.073;NaN
699;5771.085;97780.9545991182;5771.096;33845.7594667991;5771.108;0;5771.119;0;5771.119;NaN
700;5771.13;107056.488868535;5771.142;35249.6314811254;5771.154;0;5771.165;0;5771.165;NaN
701;5771.176;109578.199261578;5771.188;34647.952766629;5771.199;0;5771.211;0;5771.211;NaN
702;5771.222;115329.593493321;5771.234;32442.0448901777;5771.245;0;5771.257;0;5771.257;NaN
703;5771.268;118660.552449773;5771.28;33043.6175751993;5771.291;0;5771.303;0;5771.303;NaN
704;5771.314;115026.822848647;5771.326;33544.9502333126;5771.337;100.0004000016;5771.349;0;5771.349;0
705;5771.36;118155.804906279;5771.371;32542.3049964954;5771.383;100.0004000016;5771.395;0;5771.395;0
706;5771.406;118862.457147221;5771.417;39963.7821963854;5771.429;0;5771.44;0;5771.44;NaN
707;5771.452;114623.14001101;5771.463;35049.0686961746;5771.475;100.0004000016;5771.486;0;5771.486;0
708;5771.498;115127.745585765;5771.509;35349.9140786791;5771.521;0;5771.532;0;5771.532;NaN
709;5771.543;101510.508496359;5771.555;34547.6757925938;5771.566;0;5771.578;0;5771.578;NaN
710;5771.589;102317.044272455;5771.601;38559.381447429;5771.612;0;5771.624;0;5771.624;NaN
711;5771.635;113513.079117612;5771.647;34447.3996218797;5771.658;0;5771.67;0;5771.67;NaN
712;5771.681;107661.653168788;5771.693;32742.827618525;5771.704;200.0016000128;5771.716;0;5771.716;0
713;5771.727;113513.079117612;5771.738;35550.4816839913;5771.75;0;5771.762;0;5771.762;NaN
714;5771.773;110889.688866032;5771.784;31038.4877247787;5771.796;0;5771.807;0;5771.807;NaN
715;5771.819;108367.715058191;5771.83;30136.2840860396;5771.842;100.0004000016;5771.853;0;5771.853;0
716;5771.864;104535.284926434;5771.876;33143.8825004306;5771.888;0;5771.899;0;5771.899;NaN
717;5771.91;115228.669133987;5771.922;38860.311202987;5771.933;0;5771.945;0;5771.945;NaN
718;5771.956;110788.800186422;5771.968;35149.3496869605;5771.979;0;5771.991;0;5771.991;NaN
719;5772.002;94959.3260899243;5772.014;33444.6820952793;5772.025;0;5772.037;0;5772.037;NaN
720;5772.048;114219.470150243;5772.06;39060.9350586916;5772.071;0;5772.083;0;5772.083;NaN
721;5772.094;109679.078213637;5772.105;37456.0342272039;5772.117;0;5772.128;0;5772.128;NaN
722;5772.14;115026.822848647;5772.151;42572.3730341581;5772.163;100.0004000016;5772.174;0;5772.174;0
723;5772.186;110889.688866032;5772.197;40164.423735672;5772.209;100.0004000016;5772.22;0;5772.22;0
724;5772.231;116843.556223552;5772.243;36453.0756781874;5772.255;0;5772.266;0;5772.266;NaN
725;5772.277;108670.325167324;5772.289;35450.1974796312;5772.3;0;5772.312;0;5772.312;NaN
726;5772.323;121790.440053379;5772.335;32341.7855869784;5772.346;0;5772.358;0;5772.358;NaN
727;5772.369;105241.170988785;5772.381;34146.5759295679;5772.392;0;5772.404;0;5772.404;NaN
728;5772.415;126739.27289247;5772.427;29835.5639922788;5772.438;0;5772.45;0;5772.45;NaN
729;5772.461;114219.470150243;5772.472;33043.6175751993;5772.484;0;5772.496;0;5772.496;NaN
730;5772.507;89519.4052378888;5772.518;35149.3496869605;5772.53;0;5772.541;0;5772.541;NaN
731;5772.553;110385.253574714;5772.564;33946.0308177889;5772.576;0;5772.587;0;5772.587;NaN
732;5772.598;105140.327692376;5772.61;35249.6314811254;5772.622;0;5772.633;0;5772.633;NaN
733;5772.644;113008.538422903;5772.656;33444.6820952793;5772.667;0;5772.679;0;5772.679;NaN
734;5772.69;100603.217696528;5772.702;31840.5011174214;5772.713;0;5772.725;0;5772.725;NaN
735;5772.736;113916.726270362;5772.748;32943.3534531443;5772.759;0;5772.771;0;5772.771;NaN
736;5772.782;104031.1048987;5772.794;30637.5003003677;5772.805;0;5772.817;0;5772.817;NaN
737;5772.828;112100.416258177;5772.839;32542.3049964954;5772.851;100.0004000016;5772.862;0;5772.862;0
738;5772.874;100199.998393587;5772.885;37054.8411649241;5772.897;0;5772.908;0;5772.908;NaN
739;5772.92;95563.9073592239;5772.931;35249.6314811254;5772.943;0;5772.954;0;5772.954;NaN
740;5772.966;113613.989689355;5772.977;32141.2693898966;5772.989;100.0004000016;5773;0;5773;0
741;5773.011;104938.643529955;5773.023;36152.2037822616;5773.034;0;5773.046;0;5773.046;NaN
742;5773.057;110284.368948421;5773.069;30036.0432519023;5773.08;100.0004000016;5773.092;0;5773.092;0
743;5773.103;127749.478347921;5773.115;33544.9502333126;5773.126;100.0004000016;5773.138;0;5773.138;0
744;5773.149;111394.144424668;5773.16;32141.2693898966;5773.172;100.0004000016;5773.183;0;5773.183;0
745;5773.195;96067.7473368053;5773.206;33244.1482288479;5773.218;100.0004000016;5773.229;0;5773.229;0
746;5773.241;103224.458975306;5773.252;34146.5759295679;5773.264;0;5773.275;0;5773.275;NaN
747;5773.287;107661.653168788;5773.298;31439.4879969241;5773.31;0;5773.321;0;5773.321;NaN
748;5773.332;119064.365090529;5773.344;34647.952766629;5773.356;0;5773.367;0;5773.367;NaN
749;5773.378;130073.259189565;5773.39;36051.9147572504;5773.401;0;5773.413;0;5773.413;NaN
750;5773.424;117348.251028807;5773.436;36553.3679171591;5773.447;0;5773.459;0;5773.459;NaN
751;5773.47;127345.386418368;5773.482;38559.381447429;5773.493;0;5773.505;0;5773.505;NaN
752;5773.516;117348.251028807;5773.528;33845.7594667991;5773.539;0;5773.551;0;5773.551;NaN
753;5773.562;118155.804906279;5773.573;34046.302972042;5773.585;100.0004000016;5773.596;0;5773.596;0
754;5773.608;129669.09251739;5773.619;36152.2037822616;5773.631;100.0004000016;5773.642;0;5773.642;0
755;5773.654;141395.206642155;5773.665;33444.6820952793;5773.677;100.0004000016;5773.688;0;5773.688;0
756;5773.699;137552.688310435;5773.711;40666.0416516423;5773.723;0;5773.734;0;5773.734;NaN
757;5773.745;146958.827387251;5773.757;33645.2191745706;5773.768;0;5773.78;0;5773.78;NaN
758;5773.791;146149.420431548;5773.803;39361.8768704403;5773.814;0;5773.826;0;5773.826;NaN
759;5773.837;140181.652896551;5773.849;36352.7842427204;5773.86;0;5773.872;0;5773.872;NaN
760;5773.883;157384.598045372;5773.895;36854.249455198;5773.906;0;5773.918;0;5773.918;NaN
761;5773.929;151613.928762581;5773.94;37054.8411649241;5773.952;0;5773.964;0;5773.964;NaN
762;5773.975;156169.500257599;5773.986;37054.8411649241;5773.998;200.0016000128;5774.009;0;5774.009;0
763;5774.021;152018.801637095;5774.032;40967.0220480706;5774.044;100.0004000016;5774.055;0;5774.055;0
764;5774.066;159207.464837492;5774.078;38860.311202987;5774.09;0;5774.101;0;5774.101;NaN
765;5774.112;146857.648668222;5774.124;33845.7594667991;5774.135;100.0004000016;5774.147;0;5774.147;0
766;5774.158;157992.190959224;5774.17;35751.0525029742;5774.181;0;5774.193;0;5774.193;NaN
767;5774.204;162144.861487425;5774.216;36352.7842427204;5774.227;100.0004000016;5774.239;0;5774.239;0
768;5774.25;181914.147803734;5774.262;30136.2840860396;5774.273;0;5774.285;0;5774.285;NaN
769;5774.296;169440.674621552;5774.307;35751.0525029742;5774.319;0;5774.33;0;5774.33;NaN
770;5774.342;169035.240676383;5774.353;31339.2367243789;5774.365;0;5774.376;0;5774.376;NaN
771;5774.388;186480.703125944;5774.399;36753.9548056547;5774.411;100.0004000016;5774.422;0;5774.422;0
772;5774.433;179479.32865465;5774.445;32642.5659059413;5774.456;0;5774.468;0;5774.468;NaN
773;5774.479;171468.040290459;5774.491;35149.3496869605;5774.502;0;5774.514;0;5774.514;NaN
774;5774.525;189525.993575663;5774.537;39060.9350586916;5774.548;0;5774.56;0;5774.56;NaN
775;5774.571;202425.884705958;5774.583;34848.5091247016;5774.594;0;5774.606;0;5774.606;NaN
776;5774.617;178769.261758485;5774.629;36152.2037822616;5774.64;0;5774.652;0;5774.652;NaN
777;5774.663;188916.876574307;5774.674;34547.6757925938;5774.686;0;5774.697;0;5774.697;NaN
778;5774.709;192165.841035418;5774.72;32041.0124959949;5774.732;0;5774.743;0;5774.743;NaN
779;5774.755;184552.399987106;5774.766;34948.7885087582;5774.778;0;5774.789;0;5774.789;NaN
780;5774.8;158397.269206927;5774.812;40666.0416516423;5774.824;0;5774.835;0;5774.835;NaN
781;5774.846;185161.305921132;5774.858;36753.9548056547;5774.869;100.0004000016;5774.881;0;5774.881;0
782;5774.892;187901.747032865;5774.904;37857.2401471024;5774.915;0;5774.927;0;5774.927;NaN
783;5774.938;193790.637584298;5774.95;34647.952766629;5774.961;0;5774.973;0;5774.973;NaN
784;5774.984;194603.114456059;5774.995;40666.0416516423;5775.007;100.0004000016;5775.019;0;5775.019;0
785;5775.03;188307.789030794;5775.041;37656.6355799122;5775.053;0;5775.065;100.0004000016;5775.065;NaN
786;5775.076;171670.794820677;5775.087;35650.7666917691;5775.099;0;5775.11;0;5775.11;NaN
787;5775.122;156878.293035369;5775.133;39763.1438724695;5775.145;0;5775.156;0;5775.156;NaN
788;5775.167;178667.82689968;5775.179;42070.6787402837;5775.191;0;5775.202;0;5775.202;NaN
789;5775.213;188815.359938096;5775.225;41067.3504547458;5775.236;0;5775.248;0;5775.248;NaN
790;5775.259;165386.922857016;5775.271;36854.249455198;5775.282;0;5775.294;0;5775.294;NaN
791;5775.305;174205.502074355;5775.317;38358.7656289435;5775.328;0;5775.34;0;5775.34;NaN
792;5775.351;162752.684362456;5775.363;37857.2401471024;5775.374;0;5775.386;0;5775.386;NaN
793;5775.397;165184.269545295;5775.408;36653.6609596449;5775.42;100.0004000016;5775.432;0;5775.432;0
794;5775.443;154043.361546108;5775.454;37456.0342272039;5775.466;0;5775.477;0;5775.477;NaN
795;5775.489;171366.664250215;5775.5;35450.1974796312;5775.512;0;5775.523;0;5775.523;NaN
796;5775.535;168731.173789082;5775.546;40565.7164606663;5775.558;0;5775.569;0;5775.569;NaN
797;5775.58;167312.292118;5775.592;37656.6355799122;5775.603;100.0004000016;5775.615;0;5775.615;0
798;5775.626;147970.659359672;5775.638;38358.7656289435;5775.649;0;5775.661;0;5775.661;NaN
799;5775.672;138159.32364274;5775.684;39361.8768704403;5775.695;0;5775.707;0;5775.707;NaN
800;5775.718;142103.167100452;5775.729;37255.4360889003;5775.741;0;5775.753;0;5775.753;NaN
801;5775.764;149387.360923888;5775.775;35249.6314811254;5775.787;0;5775.798;0;5775.798;NaN
802;5775.81;145845.906256286;5775.821;35149.3496869605;5775.833;0;5775.844;0;5775.844;NaN
803;5775.856;135732.957973054;5775.867;34748.2305439951;5775.879;0;5775.89;0;5775.89;NaN
804;5775.901;144834.245252655;5775.913;32241.5270868879;5775.925;100.0004000016;5775.936;0;5775.936;0
805;5775.947;141091.807222131;5775.959;35751.0525029742;5775.97;0;5775.982;0;5775.982;NaN
806;5775.993;149286.162661559;5776.005;35149.3496869605;5776.016;0;5776.028;0;5776.028;NaN
807;5776.039;145036.570941189;5776.051;36453.0756781874;5776.062;0;5776.074;0;5776.074;NaN
808;5776.085;142608.877553483;5776.096;36352.7842427204;5776.108;100.0004000016;5776.12;0;5776.12;0
809;5776.131;139574.919955593;5776.142;39562.5087638469;5776.154;0;5776.165;0;5776.165;NaN
810;5776.177;159410.02189875;5776.188;38459.0731363374;5776.2;0;5776.211;0;5776.211;NaN
811;5776.223;144935.407689925;5776.234;31940.756405173;5776.246;100.0004000016;5776.257;0;5776.257;0
812;5776.268;165386.922857016;5776.28;35650.7666917691;5776.292;100.0004000016;5776.303;0;5776.303;0
813;5776.314;145643.56754321;5776.326;41268.0096799526;5776.337;0;5776.349;0;5776.349;NaN
814;5776.36;139372.682149839;5776.372;37857.2401471024;5776.383;100.0004000016;5776.395;0;5776.395;0
815;5776.406;137957.108612063;5776.418;33043.6175751993;5776.429;0;5776.441;0;5776.441;NaN
816;5776.452;123608.152108373;5776.464;33244.1482288479;5776.475;0;5776.487;0;5776.487;NaN
817;5776.498;136743.886743887;5776.509;40365.0684904065;5776.521;0;5776.532;0;5776.532;NaN
818;5776.544;130679.533574588;5776.555;32141.2693898966;5776.567;100.0004000016;5776.578;0;5776.578;0
819;5776.59;145845.906256286;5776.601;37957.5436361524;5776.613;0;5776.624;0;5776.624;NaN
820;5776.635;135025.356213579;5776.647;37957.5436361524;5776.659;0;5776.67;0;5776.67;NaN
821;5776.681;132094.287575497;5776.693;36352.7842427204;5776.704;0;5776.716;0;5776.716;NaN
822;5776.727;126436.227094741;5776.739;33645.2191745706;5776.75;0;5776.762;0;5776.762;NaN
823;5776.773;144834.245252655;5776.785;39562.5087638469;5776.796;0;5776.808;0;5776.808;NaN
824;5776.819;130679.533574588;5776.831;34647.952766629;5776.842;0;5776.854;0;5776.854;NaN
825;5776.865;124214.114582496;5776.876;37957.5436361524;5776.888;100.0004000016;5776.899;0;5776.899;0
826;5776.911;141698.613385038;5776.922;40164.423735672;5776.934;0;5776.945;0;5776.945;NaN
827;5776.957;133509.200875048;5776.968;40967.0220480706;5776.98;0;5776.991;0;5776.991;NaN
828;5777.002;113513.079117612;5777.014;36252.4936107484;5777.026;0;5777.037;0;5777.037;NaN
829;5777.048;131791.112594445;5777.06;42672.714305176;5777.071;0;5777.083;0;5777.083;NaN
830;5777.094;121689.463762465;5777.106;33645.2191745706;5777.117;100.0004000016;5777.129;0;5777.129;0
831;5777.14;113613.989689355;5777.152;38760.0004807442;5777.163;0;5777.175;0;5777.175;NaN
832;5777.186;133610.272207053;5777.197;37756.9374616922;5777.209;100.0004000016;5777.22;0;5777.22;0
833;5777.232;132902.789953273;5777.243;35149.3496869605;5777.255;0;5777.266;0;5777.266;NaN
834;5777.278;145845.906256286;5777.289;34647.952766629;5777.301;0;5777.312;0;5777.312;NaN
835;5777.323;126436.227094741;5777.335;32442.0448901777;5777.347;0;5777.358;0;5777.358;NaN
836;5777.369;137047.181232077;5777.381;35650.7666917691;5777.392;200.0016000128;5777.404;0;5777.404;0
837;5777.415;141294.072688509;5777.427;35349.9140786791;5777.438;0;5777.45;0;5777.45;NaN
838;5777.461;136137.319723623;5777.473;43676.1712426472;5777.484;0;5777.496;0;5777.496;NaN
839;5777.507;130780.582149506;5777.519;37155.1382251261;5777.53;100.0004000016;5777.542;0;5777.542;0
840;5777.553;130982.681737214;5777.564;41769.6718125834;5777.576;0;5777.587;0;5777.587;NaN
841;5777.599;122699.263201476;5777.61;38860.311202987;5777.622;100.0004000016;5777.633;0;5777.633;0
842;5777.645;133509.200875048;5777.656;38057.8479288519;5777.668;0;5777.679;0;5777.679;NaN
843;5777.69;133104.923675787;5777.702;38860.311202987;5777.714;0;5777.725;0;5777.725;NaN
844;5777.736;127749.478347921;5777.748;38258.4589252378;5777.759;0;5777.771;0;5777.771;NaN
845;5777.782;125830.157428401;5777.794;40465.3920735909;5777.805;0;5777.817;0;5777.817;NaN
846;5777.828;121285.566716105;5777.84;37957.5436361524;5777.851;100.0004000016;5777.863;0;5777.863;0
847;5777.874;119670.1083964;5777.885;34547.6757925938;5777.897;100.0004000016;5777.909;0;5777.909;0
848;5777.92;128456.670499594;5777.931;35650.7666917691;5777.943;100.0004000016;5777.954;0;5777.954;0
849;5777.966;124113.118806906;5777.977;36252.4936107484;5777.989;100.0004000016;5778;0;5778;0
850;5778.012;130982.681737214;5778.023;42171.0159909287;5778.035;0;5778.046;0;5778.046;NaN
851;5778.057;128355.640612247;5778.069;35851.3391176164;5778.08;0;5778.092;0;5778.092;NaN
852;5778.103;128860.798173031;5778.115;39161.2481921726;5778.126;100.0004000016;5778.138;0;5778.138;0
853;5778.149;133509.200875048;5778.161;37656.6355799122;5778.172;200.0016000128;5778.184;0;5778.184;0
854;5778.195;99897.5924178229;5778.206;36753.9548056547;5778.218;0;5778.23;0;5778.23;NaN
855;5778.241;129062.866884318;5778.252;38559.381447429;5778.264;100.0004000016;5778.276;0;5778.276;0
856;5778.287;125426.127227118;5778.298;35550.4816839913;5778.31;0;5778.321;0;5778.321;NaN
857;5778.333;124315.11117007;5778.344;42773.0563802976;5778.356;0;5778.367;0;5778.367;NaN
858;5778.379;121184.59448379;5778.39;40465.3920735909;5778.402;0;5778.413;0;5778.413;NaN
859;5778.424;127042.326000257;5778.436;37155.1382251261;5778.447;100.0004000016;5778.459;0;5778.459;0
860;5778.47;120881.682656945;5778.482;38659.6905622281;5778.493;0;5778.505;0;5778.505;NaN
861;5778.516;126234.200623935;5778.528;43174.4327220127;5778.539;0;5778.551;0;5778.551;NaN
862;5778.562;126638.256814344;5778.574;38760.0004807442;5778.585;0;5778.597;0;5778.597;NaN
863;5778.608;115127.745585765;5778.619;34948.7885087582;5778.631;0;5778.643;0;5778.643;NaN
864;5778.654;134418.872128141;5778.665;45783.6925900546;5778.677;0;5778.688;0;5778.688;NaN
865;5778.7;114522.221329261;5778.711;37054.8411649241;5778.723;0;5778.734;0;5778.734;NaN
866;5778.746;115026.822848647;5778.757;37255.4360889003;5778.769;0;5778.78;0;5778.78;NaN
867;5778.791;114623.14001101;5778.803;38659.6905622281;5778.814;0;5778.826;0;5778.826;NaN
868;5778.837;121386.539760121;5778.849;36854.249455198;5778.86;100.0004000016;5778.872;0;5778.872;0
869;5778.883;117348.251028807;5778.895;39863.462632511;5778.906;0;5778.918;0;5778.918;NaN
870;5778.929;108771.196824644;5778.941;35149.3496869605;5778.952;100.0004000016;5778.964;0;5778.964;0
871;5778.975;108569.454320482;5778.986;36352.7842427204;5778.998;0;5779.009;0;5779.009;NaN
872;5779.021;126436.227094741;5779.032;38459.0731363374;5779.044;300.003600043201;5779.055;0;5779.055;0
873;5779.067;116439.814982258;5779.078;33946.0308177889;5779.09;0;5779.101;0;5779.101;NaN
874;5779.113;120982.65245422;5779.124;32642.5659059413;5779.136;0;5779.147;0;5779.147;NaN
875;5779.158;119670.1083964;5779.17;35249.6314811254;5779.182;300.003600043201;5779.193;0;5779.193;0
876;5779.204;103728.606602481;5779.216;35751.0525029742;5779.227;0;5779.239;0;5779.239;NaN
877;5779.25;119165.320279406;5779.262;35049.0686961746;5779.273;200.0016000128;5779.285;0;5779.285;0
878;5779.296;109981.719933308;5779.308;33444.6820952793;5779.319;200.0016000128;5779.331;0;5779.331;0
879;5779.342;120679.745497369;5779.354;36653.6609596449;5779.365;100.0004000016;5779.377;0;5779.377;0
880;5779.388;126234.200623935;5779.399;36553.3679171591;5779.411;0;5779.422;0;5779.422;NaN
881;5779.434;123305.181832434;5779.445;41970.3422936842;5779.457;100.0004000016;5779.468;0;5779.468;0
882;5779.48;128355.640612247;5779.491;39161.2481921726;5779.503;0;5779.514;0;5779.514;NaN
883;5779.525;122396.314845929;5779.537;36553.3679171591;5779.548;0;5779.56;0;5779.56;NaN
884;5779.571;123002.218863556;5779.583;34447.3996218797;5779.594;0;5779.606;0;5779.606;NaN
885;5779.617;120376.845845291;5779.629;35049.0686961746;5779.64;0;5779.652;0;5779.652;NaN
886;5779.663;117953.911568727;5779.675;32943.3534531443;5779.686;0;5779.698;0;5779.698;NaN
887;5779.709;121184.59448379;5779.721;36352.7842427204;5779.732;100.0004000016;5779.744;0;5779.744;0
888;5779.755;115935.15668325;5779.766;36453.0756781874;5779.778;0;5779.79;0;5779.79;NaN
889;5779.801;123103.205707969;5779.812;33143.8825004306;5779.824;0;5779.835;0;5779.835;NaN
890;5779.847;130780.582149506;5779.858;34547.6757925938;5779.87;0;5779.881;0;5779.881;NaN
891;5779.893;119771.068454391;5779.904;37355.7347562563;5779.916;300.003600043201;5779.927;0;5779.927;0
892;5779.938;127244.365466723;5779.95;37054.8411649241;5779.961;100.0004000016;5779.973;0;5779.973;0
893;5779.984;119266.276279776;5779.996;38960.6227289663;5780.007;0;5780.019;0;5780.019;NaN
894;5780.03;112504.018000643;5780.042;35149.3496869605;5780.053;0;5780.065;0;5780.065;NaN
895;5780.076;123305.181832434;5780.088;35249.6314811254;5780.099;0;5780.111;0;5780.111;NaN
896;5780.122;122295.333684376;5780.133;32241.5270868879;5780.145;0;5780.157;0;5780.157;NaN
897;5780.168;114421.303458557;5780.179;36453.0756781874;5780.191;100.0004000016;5780.202;0;5780.202;0
898;5780.214;121588.488283291;5780.225;36453.0756781874;5780.237;0;5780.248;0;5780.248;NaN
899;5780.26;101409.695168481;5780.271;28432.2990917683;5780.283;200.0016000128;5780.294;0;5780.294;0
900;5780.305;90929.5286116888;5780.317;35751.0525029742;5780.328;0;5780.34;0;5780.34;NaN
901;5780.351;96571.6075458364;5780.363;32642.5659059413;5780.374;0;5780.386;0;5780.386;NaN
902;5780.397;111091.46865734;5780.409;35751.0525029742;5780.42;200.0016000128;5780.432;0;5780.432;0
903;5780.443;106451.353739857;5780.455;31539.7400724913;5780.466;0;5780.478;0;5780.478;NaN
904;5780.489;111696.82748867;5780.5;35450.1974796312;5780.512;0;5780.524;0;5780.524;NaN
905;5780.535;117247.310445158;5780.546;39662.8259162513;5780.558;200.0016000128;5780.569;0;5780.569;0
906;5780.581;115228.669133987;5780.592;36653.6609596449;5780.604;200.0016000128;5780.615;0;5780.615;0
907;5780.627;118559.601318222;5780.638;34046.302972042;5780.65;100.0004000016;5780.661;0;5780.661;0
908;5780.672;118660.552449773;5780.684;37054.8411649241;5780.696;0;5780.707;0;5780.707;NaN
909;5780.718;114118.554712614;5780.73;41268.0096799526;5780.741;0;5780.753;0;5780.753;NaN
910;5780.764;100704.02454648;5780.776;35751.0525029742;5780.787;100.0004000016;5780.799;0;5780.799;0
911;5780.81;116137.01756924;5780.822;37957.5436361524;5780.833;0;5780.845;0;5780.845;NaN
912;5780.856;117449.192423774;5780.868;36553.3679171591;5780.879;0;5780.891;0;5780.891;NaN
913;5780.902;117752.021476683;5780.913;32742.827618525;5780.925;0;5780.936;0;5780.936;NaN
914;5780.948;113513.079117612;5780.959;35751.0525029742;5780.971;0;5780.982;0;5780.982;NaN
915;5780.994;109376.443789146;5781.005;31940.756405173;5781.017;0;5781.028;0;5781.028;NaN
916;5781.039;113815.81326572;5781.051;36954.5449082846;5781.063;0;5781.074;0;5781.074;NaN
917;5781.085;113916.726270362;5781.097;37857.2401471024;5781.108;0;5781.12;0;5781.12;NaN
918;5781.131;129568.052880653;5781.143;35550.4816839913;5781.154;0;5781.166;0;5781.166;NaN
919;5781.177;104636.123362174;5781.189;32843.0901342561;5781.2;0;5781.212;0;5781.212;NaN
920;5781.223;96672.3820155238;5781.234;34447.3996218797;5781.246;100.0004000016;5781.258;0;5781.258;0
921;5781.269;123810.136351942;5781.28;40565.7164606663;5781.292;0;5781.303;0;5781.303;NaN
922;5781.315;105241.170988785;5781.326;32141.2693898966;5781.338;0;5781.349;0;5781.349;NaN
923;5781.361;120679.745497369;5781.372;34748.2305439951;5781.384;0;5781.395;0;5781.395;NaN
924;5781.406;119468.190715041;5781.418;41569.0045475489;5781.43;0;5781.441;0;5781.441;NaN
925;5781.452;107863.381085142;5781.464;37355.7347562563;5781.475;100.0004000016;5781.487;0;5781.487;0
926;5781.498;119872.029323934;5781.51;32943.3534531443;5781.521;0;5781.533;0;5781.533;NaN
927;5781.544;112806.727821374;5781.556;34647.952766629;5781.567;0;5781.579;0;5781.579;NaN
928;5781.59;119165.320279406;5781.601;39863.462632511;5781.613;100.0004000016;5781.625;0;5781.625;0
929;5781.636;116338.881700035;5781.647;38358.7656289435;5781.659;0;5781.67;0;5781.67;NaN
930;5781.682;113513.079117612;5781.693;40064.1025641026;5781.705;0;5781.716;0;5781.716;NaN
931;5781.728;111999.517849609;5781.739;37857.2401471024;5781.751;0;5781.762;0;5781.762;NaN
932;5781.773;120376.845845291;5781.785;38258.4589252378;5781.796;0;5781.808;0;5781.808;NaN
933;5781.819;119266.276279776;5781.831;41468.6721210324;5781.842;0;5781.854;0;5781.854;NaN
934;5781.865;115026.822848647;5781.877;32241.5270868879;5781.888;0;5781.9;0;5781.9;NaN
935;5781.911;115733.299041985;5781.923;37957.5436361524;5781.934;0;5781.946;0;5781.946;NaN
936;5781.957;122497.296819291;5781.968;36954.5449082846;5781.98;0;5781.992;0;5781.992;NaN
937;5782.003;115632.371438101;5782.014;33645.2191745706;5782.026;100.0004000016;5782.037;0;5782.037;0
938;5782.049;115834.227457032;5782.06;38057.8479288519;5782.072;100.0004000016;5782.083;0;5782.083;0
939;5782.094;110889.688866032;5782.106;35450.1974796312;5782.118;0;5782.129;0;5782.129;NaN
940;5782.14;122800.247610319;5782.152;32542.3049964954;5782.163;0;5782.175;0;5782.175;NaN
941;5782.186;124820.106288039;5782.198;34647.952766629;5782.209;0;5782.221;0;5782.221;NaN
942;5782.232;119872.029323934;5782.244;36753.9548056547;5782.255;0;5782.267;0;5782.267;NaN
943;5782.278;120477.811584359;5782.289;30236.5257230735;5782.301;100.0004000016;5782.313;0;5782.313;0
944;5782.324;113210.352268024;5782.335;32943.3534531443;5782.347;0;5782.358;0;5782.358;NaN
945;5782.37;117146.370672818;5782.381;36553.3679171591;5782.393;0;5782.404;0;5782.404;NaN
946;5782.416;113613.989689355;5782.427;37756.9374616922;5782.439;100.0004000016;5782.45;0;5782.45;0
947;5782.461;99192.0068109167;5782.473;33444.6820952793;5782.484;0;5782.496;0;5782.496;NaN
948;5782.507;111293.251691497;5782.519;31740.2466327303;5782.53;0;5782.542;0;5782.542;NaN
949;5782.553;109779.957976272;5782.565;34246.8496903764;5782.576;100.0004000016;5782.588;0;5782.588;0
950;5782.599;103123.631879762;5782.61;36453.0756781874;5782.622;0;5782.634;0;5782.634;NaN
951;5782.645;115935.15668325;5782.656;31238.986254846;5782.668;100.0004000016;5782.679;0;5782.679;0
952;5782.691;108771.196824644;5782.702;34347.1242544771;5782.714;0;5782.725;0;5782.725;NaN
953;5782.736;113513.079117612;5782.748;37155.1382251261;5782.76;0;5782.771;0;5782.771;NaN
954;5782.782;107258.207060563;5782.794;39562.5087638469;5782.805;100.0004000016;5782.817;0;5782.817;0
955;5782.828;116237.949229032;5782.84;35349.9140786791;5782.851;0;5782.863;0;5782.863;NaN
956;5782.874;114320.386398888;5782.886;36753.9548056547;5782.897;100.0004000016;5782.909;0;5782.909;0
957;5782.92;91332.4501184311;5782.932;34647.952766629;5782.943;100.0004000016;5782.955;0;5782.955;0
958;5782.966;98083.3095738145;5782.977;37756.9374616922;5782.989;0;5783;0;5783;NaN
959;5783.012;92440.5509898466;5783.023;34848.5091247016;5783.035;0;5783.046;0;5783.046;NaN
960;5783.058;104837.802663925;5783.069;35149.3496869605;5783.081;0;5783.092;0;5783.092;NaN
961;5783.104;112504.018000643;5783.115;35349.9140786791;5783.127;0;5783.138;0;5783.138;NaN
962;5783.149;113916.726270362;5783.161;35049.0686961746;5783.172;0;5783.184;0;5783.184;NaN
963;5783.195;101006.449954617;5783.207;33645.2191745706;5783.218;0;5783.23;0;5783.23;NaN
964;5783.241;109174.691558898;5783.253;34447.3996218797;5783.264;0;5783.276;0;5783.276;NaN
965;5783.287;111898.620251842;5783.298;39261.5621294189;5783.31;0;5783.322;0;5783.322;NaN
966;5783.333;115026.822848647;5783.344;40264.7457111035;5783.356;0;5783.367;0;5783.367;NaN
967;5783.379;116137.01756924;5783.39;37054.8411649241;5783.402;0;5783.413;0;5783.413;NaN
968;5783.425;114219.470150243;5783.436;38960.6227289663;5783.448;0;5783.459;0;5783.459;NaN
969;5783.47;118357.701489418;5783.482;33745.4889190629;5783.494;0;5783.505;0;5783.505;NaN
970;5783.516;100099.195592021;5783.528;34848.5091247016;5783.539;0;5783.551;0;5783.551;NaN
971;5783.562;105039.485206102;5783.574;37857.2401471024;5783.585;100.0004000016;5783.597;0;5783.597;0
972;5783.608;112100.416258177;5783.62;33143.8825004306;5783.631;0;5783.643;0;5783.643;NaN
973;5783.654;114017.64008599;5783.666;36152.2037822616;5783.677;0;5783.689;0;5783.689;NaN
974;5783.7;108972.942570757;5783.711;31740.2466327303;5783.723;0;5783.734;0;5783.734;NaN
975;5783.746;113412.169356815;5783.757;32141.2693898966;5783.769;0;5783.78;0;5783.78;NaN
976;5783.792;117449.192423774;5783.803;34748.2305439951;5783.815;100.0004000016;5783.826;0;5783.826;0
977;5783.838;104837.802663925;5783.849;38659.6905622281;5783.861;100.0004000016;5783.872;0;5783.872;0
978;5783.884;113109.44494001;5783.895;36954.5449082846;5783.907;0;5783.918;0;5783.918;NaN
979;5783.929;123911.129691639;5783.941;34347.1242544771;5783.952;0;5783.964;0;5783.964;NaN
980;5783.975;116540.749075711;5783.987;34347.1242544771;5783.998;0;5784.01;0;5784.01;NaN
981;5784.021;107863.381085142;5784.033;35049.0686961746;5784.044;0;5784.056;0;5784.056;NaN
982;5784.067;103728.606602481;5784.078;32843.0901342561;5784.09;0;5784.102;0;5784.102;NaN
983;5784.113;95866.208918067;5784.124;33143.8825004306;5784.136;0;5784.147;0;5784.147;NaN
984;5784.159;102317.044272455;5784.17;40565.7164606663;5784.182;100.0004000016;5784.193;0;5784.193;0
985;5784.205;108771.196824644;5784.216;36653.6609596449;5784.228;100.0004000016;5784.239;0;5784.239;0
986;5784.25;117146.370672818;5784.262;33745.4889190629;5784.273;0;5784.285;0;5784.285;NaN
987;5784.296;115935.15668325;5784.308;34046.302972042;5784.319;0;5784.331;0;5784.331;NaN
988;5784.342;120679.745497369;5784.354;34748.2305439951;5784.365;0;5784.377;0;5784.377;NaN
989;5784.388;119972.99100504;5784.399;38459.0731363374;5784.411;100.0004000016;5784.423;0;5784.423;0
990;5784.434;110788.800186422;5784.445;38158.1530252104;5784.457;0;5784.468;0;5784.468;NaN
991;5784.48;106552.207568923;5784.491;38057.8479288519;5784.503;0;5784.514;0;5784.514;NaN
992;5784.526;107964.246258913;5784.537;37054.8411649241;5784.549;0;5784.56;0;5784.56;NaN
993;5784.572;114724.059503813;5784.583;40264.7457111035;5784.595;100.0004000016;5784.606;0;5784.606;0
994;5784.617;120780.713671332;5784.629;34547.6757925938;5784.64;0;5784.652;0;5784.652;NaN
995;5784.663;116742.619696349;5784.675;32943.3534531443;5784.686;0;5784.698;0;5784.698;NaN
996;5784.709;117348.251028807;5784.721;38559.381447429;5784.732;0;5784.744;0;5784.744;NaN
997;5784.755;113311.260406956;5784.767;40164.423735672;5784.778;0;5784.79;0;5784.79;NaN
998;5784.801;122396.314845929;5784.812;37155.1382251261;5784.824;100.0004000016;5784.836;0;5784.836;0
999;5784.847;119872.029323934;5784.858;35049.0686961746;5784.87;0;5784.881;0;5784.881;NaN
1000;5784.893;119872.029323934;5784.904;40666.0416516423;5784.916;0;5784.927;0;5784.927;NaN
